Time,Date,Sender_account,Receiver_account,Amount,Sender_bank_location,Receiver_bank_location,Is_laundering,Laundering_type,Cycle_Flag,Smurfing_Score,Smurfing_Flag,Location_Flag
10:43:37,2023-06-30,272,126,0.014368479294965472,16,16,0,,0,1,0,0
10:43:46,2023-06-30,867,65,0.12556194249029873,16,16,0,,0,1,0,0
10:43:49,2023-06-30,427,16,0.06539868198621385,16,16,0,,0,1,0,0
10:43:50,2023-06-30,1461,459,0.020120968318060508,16,10,0,,0,1,0,1
10:43:50,2023-06-30,1180,869,0.944997632198801,16,16,0,,0,-1,1,0
10:43:56,2023-06-30,1274,1019,0.08064606025297821,16,16,0,,0,1,0,0
10:43:57,2023-06-30,97,121,0.10087579682399274,16,16,0,,0,1,0,0
10:43:57,2023-06-30,557,808,0.16824878350110462,16,16,0,,0,1,0,0
10:44:04,2023-06-30,142,798,0.004579207809277379,15,16,0,,0,1,0,1
10:44:08,2023-06-30,1243,209,0.15283921825360405,16,16,0,,0,1,0,0
10:44:09,2023-06-30,1497,35,0.09768431745861754,16,16,0,,0,1,0,0
10:44:12,2023-06-30,1374,642,0.09181404979474979,16,16,0,,0,1,0,0
10:44:15,2023-06-30,1520,809,0.11485103705058598,16,16,0,,0,1,0,0
10:44:15,2023-06-30,1143,547,0.07207885479515462,16,16,0,,0,1,0,0
10:44:16,2023-06-30,1279,65,0.16226485623089557,12,16,0,,0,1,0,0
10:44:17,2023-06-30,183,1268,0.09166589327504555,16,16,0,,0,1,0,0
10:44:21,2023-06-30,337,1524,0.004621041752721234,16,16,0,,0,1,0,0
10:44:21,2023-06-30,352,56,0.2004220465654268,16,16,0,,0,1,0,0
10:44:28,2023-06-30,1370,5,0.27238235040085285,16,16,0,,0,-1,1,0
10:44:28,2023-06-30,1358,826,0.1473121176458019,16,16,0,,0,1,0,0
10:44:29,2023-06-30,356,1201,0.17912921295163442,16,16,0,,0,1,0,0
10:44:30,2023-06-30,17,1414,0.037534057656956776,16,16,0,,0,1,0,0
10:44:31,2023-06-30,1534,710,0.14795584549553337,16,16,0,,0,1,0,0
10:44:31,2023-06-30,862,804,0.08026865372320166,16,16,0,,0,1,0,0
10:44:32,2023-06-30,966,484,0.19913999709865512,16,16,0,,0,1,0,0
10:44:36,2023-06-30,534,593,0.10035679848563699,16,16,0,,0,1,0,0
10:44:37,2023-06-30,1006,1536,0.1510057330523294,16,16,0,,0,1,0,0
10:44:37,2023-06-30,482,207,0.07291192950890425,16,16,0,,0,1,0,0
10:44:38,2023-06-30,1158,744,0.1037954199168959,16,16,0,,0,1,0,0
10:44:38,2023-06-30,832,484,0.06064879168768554,16,16,0,,0,1,0,0
10:44:39,2023-06-30,1335,657,0.018429074925365024,16,16,0,,0,1,0,0
10:44:44,2023-06-30,251,1007,0.029183230226607387,16,16,0,,0,1,0,0
10:44:47,2023-06-30,67,110,0.2263000091004917,16,16,0,,0,-1,1,0
10:44:47,2023-06-30,545,1346,0.06257469772401464,16,16,0,,0,1,0,0
10:44:48,2023-06-30,1544,505,0.007230836224487891,16,16,0,,0,1,0,0
10:44:52,2023-06-30,691,407,0.11439614118556879,16,16,0,,0,1,0,0
10:44:52,2023-06-30,1345,880,0.029320960440407162,16,16,0,,0,1,0,0
10:44:53,2023-06-30,645,1408,0.13694914189571608,16,16,0,,0,1,0,0
10:44:55,2023-06-30,1223,804,0.1131454993563365,16,16,0,,0,1,0,0
10:44:57,2023-06-30,1534,710,0.1480154427749626,16,16,0,,0,1,0,0
10:44:59,2023-06-30,1139,594,0.09299711371534201,16,16,0,,0,1,0,0
10:45:00,2023-06-30,355,780,0.2533261524833079,16,16,0,,0,-1,1,0
10:45:00,2023-06-30,1464,1408,0.1765258544711668,16,16,0,,0,1,0,0
10:45:06,2023-06-30,958,852,0.10670229974702693,16,16,0,,0,1,0,0
10:45:07,2023-06-30,548,164,0.1231811405889524,16,16,0,,0,1,0,0
10:45:09,2023-06-30,819,484,0.0680581623108092,16,16,0,,0,1,0,0
10:45:13,2023-06-30,925,346,0.023715984337886454,16,16,0,,0,1,0,0
10:45:15,2023-06-30,1179,1050,0.002090538693758929,16,16,0,,0,1,0,0
10:45:16,2023-06-30,238,1010,0.1563165843524833,16,16,0,,0,1,0,0
10:45:16,2023-06-30,418,249,0.01066533862131541,16,16,0,,0,1,0,0
10:45:16,2023-06-30,1380,1401,0.07630382564333203,16,16,0,,0,1,0,0
10:45:18,2023-06-30,1291,159,0.017474874855367185,16,16,0,,0,1,0,0
10:45:22,2023-06-30,691,407,0.11348531969692657,16,16,0,,0,1,0,0
10:45:22,2023-06-30,1334,905,0.15601010244682229,16,16,0,,0,1,0,0
10:45:28,2023-06-30,160,792,0.06958696768398664,16,16,0,,0,1,0,0
10:45:33,2023-06-30,1052,78,0.8242060464593616,16,16,0,,0,-1,1,0
10:45:39,2023-06-30,949,517,0.10962333875801586,16,16,0,,0,1,0,0
10:45:41,2023-06-30,238,1010,0.15596144635260145,16,16,0,,0,1,0,0
10:45:44,2023-06-30,355,1120,0.0856452808544319,16,16,0,,0,1,0,0
10:45:45,2023-06-30,37,1192,0.10809054307023301,16,16,0,,0,1,0,0
10:45:47,2023-06-30,1370,1240,0.12605004807041903,16,16,0,,0,1,0,0
10:45:51,2023-06-30,211,1536,0.5630615804657881,16,16,0,,0,-1,1,0
10:45:51,2023-06-30,1359,66,0.025673040572102988,16,16,0,,0,1,0,0
10:45:56,2023-06-30,141,376,0.01807985803747832,16,16,0,,0,1,0,0
10:45:57,2023-06-30,1158,1513,0.07959660751175437,16,16,0,,0,1,0,0
10:45:58,2023-06-30,656,1478,0.015434022014436959,16,16,0,,0,1,0,0
10:45:59,2023-06-30,206,10,0.16528565310701984,16,16,0,,0,1,0,0
10:46:06,2023-06-30,760,738,0.05454451138018418,16,16,0,,0,1,0,0
10:46:08,2023-06-30,1035,700,0.09109553572612333,16,16,0,,0,1,0,0
10:46:13,2023-06-30,993,417,0.0845478156181171,16,16,0,,0,1,0,0
10:46:15,2023-06-30,747,224,0.04618557460079799,16,16,0,,0,1,0,0
10:46:17,2023-06-30,324,1350,0.10701882179911443,16,16,0,,0,1,0,0
10:46:18,2023-06-30,1403,121,0.10367159144430207,16,16,0,,0,1,0,0
10:46:19,2023-06-30,1015,524,0.06713369652061299,1,16,0,,0,1,0,0
10:46:24,2023-06-30,1182,1232,0.16079603429662534,16,16,0,,0,1,0,0
10:46:29,2023-06-30,627,1140,0.0035360623395266017,16,14,0,,0,1,0,0
10:46:32,2023-06-30,47,916,0.009091867468522532,16,16,0,,0,1,0,0
10:46:33,2023-06-30,511,750,0.014889794590188897,16,16,0,,0,1,0,0
10:46:39,2023-06-30,160,1338,0.15889625838497037,16,16,0,,0,1,0,0
10:46:40,2023-06-30,1539,1509,0.021626732842387333,16,16,0,,0,1,0,0
10:46:41,2023-06-30,688,268,0.06804477544890716,16,16,0,,0,1,0,0
10:46:41,2023-06-30,526,667,0.00761467874556351,16,16,0,,0,1,0,0
10:46:42,2023-06-30,1354,198,0.006682361045982455,16,16,0,,0,1,0,0
10:46:45,2023-06-30,136,1385,0.18401876426135222,16,16,0,,0,1,0,0
10:46:47,2023-06-30,948,96,0.03810325672744516,16,16,0,,0,1,0,0
10:46:48,2023-06-30,548,180,0.15605708518330538,16,16,0,,0,1,0,0
10:46:51,2023-06-30,31,868,0.09400396019416613,16,16,0,,0,1,0,0
10:46:52,2023-06-30,624,399,0.058188955813186866,16,16,0,,0,1,0,0
10:46:53,2023-06-30,766,804,0.125668779945863,16,16,0,,0,1,0,0
10:46:54,2023-06-30,535,191,0.007613648986955661,16,16,0,,0,1,0,0
10:46:56,2023-06-30,1483,1353,0.038433809240564616,16,16,0,,0,1,0,0
10:46:56,2023-06-30,1119,121,0.12116397219600271,16,16,0,,0,1,0,0
10:46:58,2023-06-30,1293,278,0.10061513917638103,16,16,0,,0,1,0,0
10:46:58,2023-06-30,895,929,0.09650099609837334,16,16,0,,0,1,0,0
10:46:59,2023-06-30,1275,1515,0.010021353331932003,16,16,0,,0,1,0,0
10:47:01,2023-06-30,1284,1267,0.018083977071909715,16,16,0,,0,1,0,0
10:47:02,2023-06-30,639,860,0.08589139316170775,16,16,0,,0,1,0,0
10:47:02,2023-06-30,813,1247,0.12825952388338446,16,16,0,,0,1,0,0
10:47:08,2023-06-30,486,1163,0.18100247257913726,16,16,0,,0,1,0,0
10:47:11,2023-06-30,1405,327,0.044714564429486056,16,16,0,,0,1,0,0
10:47:11,2023-06-30,508,1320,0.11980327491555656,16,16,0,,0,1,0,0
10:47:14,2023-06-30,806,1097,0.26182101739893016,16,16,0,,0,-1,1,0
10:47:15,2023-06-30,896,888,0.01707314027848019,16,16,0,,0,1,0,0
10:47:16,2023-06-30,675,43,0.05860240389423813,16,16,0,,0,1,0,0
10:47:22,2023-06-30,1421,19,0.014087612634674725,16,16,0,,0,1,0,0
10:47:23,2023-06-30,416,163,0.6888562484014606,16,16,0,,0,-1,1,0
10:47:25,2023-06-30,118,560,0.011875562425189645,16,16,0,,0,1,0,0
10:47:28,2023-06-30,1099,113,0.01626130433601744,16,16,0,,0,1,0,0
10:47:30,2023-06-30,433,1321,0.013725523764189913,16,16,0,,0,1,0,0
10:47:31,2023-06-30,187,664,0.04151960962880935,16,16,0,,0,1,0,0
10:47:32,2023-06-30,298,574,0.044920773590707765,16,2,0,,0,1,0,0
10:47:36,2023-06-30,881,1445,0.32704863073641516,16,16,0,,0,-1,1,0
10:47:37,2023-06-30,196,501,0.00578183714341873,16,16,0,,0,1,0,0
10:47:37,2023-06-30,1394,1448,0.002841876318010568,16,16,0,,0,1,0,0
10:47:38,2023-06-30,64,137,0.003943460588756761,16,16,0,,0,1,0,0
10:47:38,2023-06-30,979,230,0.13190512679482097,8,16,0,,0,1,0,0
10:47:38,2023-06-30,884,94,0.027490564514956017,16,16,0,,0,1,0,0
10:47:40,2023-06-30,1171,1555,0.014919915029468473,16,16,0,,0,1,0,0
10:47:40,2023-06-30,1369,552,0.15448219811242675,16,16,0,,0,1,0,0
10:47:41,2023-06-30,1302,892,0.01670435797704436,16,16,0,,0,1,0,0
10:47:44,2023-06-30,387,1511,0.10293647251812406,16,16,0,,0,1,0,0
10:47:44,2023-06-30,143,1090,0.018081531395216077,16,16,0,,0,1,0,0
10:47:48,2023-06-30,906,1097,0.10744900345754324,16,16,0,,0,1,0,0
10:47:51,2023-06-30,956,125,0.13702907690765034,16,16,0,,0,1,0,0
10:47:53,2023-06-30,1135,957,0.00788202982412624,16,15,0,,0,1,0,1
10:47:53,2023-06-30,881,169,0.07023854744310293,16,1,0,,0,1,0,0
10:47:54,2023-06-30,397,698,0.11781442488432269,16,16,0,,0,1,0,0
10:47:58,2023-06-30,1480,902,0.10769447216568918,16,16,0,,0,1,0,0
10:47:59,2023-06-30,1165,823,0.03357244757273668,16,16,0,,0,1,0,0
10:47:59,2023-06-30,682,65,0.14928320434105039,16,16,0,,0,1,0,0
10:48:04,2023-06-30,651,607,0.047063057654511097,16,16,0,,0,1,0,0
10:48:07,2023-06-30,1047,1247,0.10845726585445314,16,16,0,,0,1,0,0
10:48:08,2023-06-30,871,1131,0.42543266916906586,16,16,0,,0,-1,1,0
10:48:13,2023-06-30,589,1086,0.04201505223901058,16,16,0,,0,1,0,0
10:48:16,2023-06-30,1151,372,0.0780632969446676,16,16,0,,0,1,0,0
10:48:17,2023-06-30,1190,144,0.018903021324627407,16,16,0,,0,1,0,0
10:48:19,2023-06-30,1243,1207,0.08156885268543666,16,16,0,,0,1,0,0
10:48:21,2023-06-30,458,1476,0.03599263774083319,16,16,0,,0,1,0,0
10:48:21,2023-06-30,1486,1236,0.08947945831093071,16,16,0,,0,1,0,0
10:48:26,2023-06-30,444,75,0.018601945651657632,16,16,0,,0,1,0,0
10:48:27,2023-06-30,686,125,0.19868368531555217,16,16,0,,0,1,0,0
10:48:29,2023-06-30,313,1088,0.3312282922058472,16,16,0,,0,-1,1,0
10:48:31,2023-06-30,238,703,0.09356489686774462,16,16,0,,0,1,0,0
10:48:32,2023-06-30,873,341,0.07766658244099385,16,16,0,,0,1,0,0
10:48:33,2023-06-30,331,220,0.004645112360179698,16,16,0,,0,1,0,0
10:48:36,2023-06-30,204,1224,0.24559562589436146,16,16,0,,0,-1,1,0
10:48:43,2023-06-30,1487,407,0.09706877925077595,16,16,0,,0,1,0,0
10:48:44,2023-06-30,576,1034,0.052318688149319115,16,16,0,,0,1,0,0
10:48:44,2023-06-30,1150,218,0.06984814021090228,16,16,0,,0,1,0,0
10:48:49,2023-06-30,565,135,0.011498928214368967,16,16,0,,0,1,0,0
10:48:53,2023-06-30,1008,1210,0.005369161381323345,16,5,0,,0,1,0,0
10:48:53,2023-06-30,377,349,0.02601955434364409,16,16,0,,0,1,0,0
10:48:56,2023-06-30,72,92,0.01970893615509503,16,16,0,,0,1,0,0
10:49:00,2023-06-30,335,530,0.10233599452992227,16,16,0,,0,1,0,0
10:49:01,2023-06-30,1304,935,0.07233333389111923,16,16,0,,0,1,0,0
10:49:01,2023-06-30,773,1104,0.00734372351187331,16,16,0,,0,1,0,0
10:49:02,2023-06-30,695,134,0.002868135162510711,16,16,0,,0,1,0,0
10:49:02,2023-06-30,623,799,0.12768993865341813,16,16,0,,0,1,0,0
10:49:05,2023-06-30,1096,684,0.1407941318175973,16,16,0,,0,1,0,0
10:49:05,2023-06-30,1204,1264,0.011712731845323563,16,16,0,,0,1,0,0
10:49:10,2023-06-30,1266,1337,0.020258054932730373,16,16,0,,0,1,0,0
10:49:16,2023-06-30,1043,1400,0.2802781532463591,16,17,0,,0,-1,1,0
10:49:20,2023-06-30,1323,1142,0.428747204688079,16,16,0,,0,-1,1,0
10:49:21,2023-06-30,1075,201,0.19691095587214053,16,0,0,,0,1,0,0
10:49:24,2023-06-30,355,1340,0.2043102863488377,16,16,0,,0,1,0,0
10:49:24,2023-06-30,954,845,0.034508626867097165,16,16,0,,0,1,0,0
10:49:25,2023-06-30,1341,379,0.005202726646329792,16,16,0,,0,1,0,0
10:49:30,2023-06-30,572,28,0.07818957109395504,16,16,0,,0,1,0,0
10:49:31,2023-06-30,787,923,0.16874795898625927,16,16,0,,0,1,0,0
10:49:32,2023-06-30,1100,1131,0.08604817390975272,16,16,0,,0,1,0,0
10:49:37,2023-06-30,1246,634,0.0010610375255621484,16,16,0,,0,1,0,0
10:49:39,2023-06-30,635,804,0.07303524310219413,5,16,0,,0,1,0,0
10:49:43,2023-06-30,745,1381,0.007570270405600032,16,16,0,,0,1,0,0
10:49:45,2023-06-30,153,733,0.07748199821053697,16,16,0,,0,1,0,0
10:49:45,2023-06-30,1205,1040,0.08238918413641418,16,16,0,,0,1,0,0
10:49:46,2023-06-30,1225,451,0.021757383465758142,16,16,0,,0,1,0,0
10:49:47,2023-06-30,86,1408,0.18037226031113382,16,16,0,,0,1,0,0
10:49:47,2023-06-30,1419,1547,0.0006470745652069538,16,16,0,,0,-1,1,0
10:49:48,2023-06-30,462,65,0.19484989401853128,16,16,0,,0,1,0,0
10:49:50,2023-06-30,1556,959,0.024382753036468512,16,16,0,,0,1,0,0
10:49:51,2023-06-30,427,1311,0.10806042263095343,16,16,0,,0,1,0,0
10:49:55,2023-06-30,179,701,0.13774411554097532,16,16,0,,1,1,0,0
10:49:57,2023-06-30,839,684,0.10028806209856307,16,16,0,,0,1,0,0
10:49:59,2023-06-30,833,1142,0.0581729945547652,16,16,0,,0,1,0,0
10:50:00,2023-06-30,675,1363,0.11586470568018709,16,16,0,,0,1,0,0
10:50:01,2023-06-30,964,484,0.15628993934850519,16,16,0,,0,1,0,0
10:50:02,2023-06-30,598,989,0.2066309760914508,16,16,0,,0,-1,1,0
10:50:03,2023-06-30,153,1395,0.08750026226664542,16,16,0,,0,1,0,0
10:50:05,2023-06-30,310,1442,0.001581580501829688,16,16,0,,0,1,0,0
10:50:06,2023-06-30,1158,123,0.0798122132202727,16,16,0,,0,1,0,0
10:50:06,2023-06-30,270,128,0.0645152778205056,16,16,0,,0,1,0,0
10:50:07,2023-06-30,1423,391,0.006971208335484027,16,16,0,,0,1,0,0
10:50:08,2023-06-30,493,1384,0.0719101031032934,16,16,0,,0,1,0,0
10:50:08,2023-06-30,457,424,0.03249197335345139,16,16,0,,0,1,0,0
10:50:09,2023-06-30,206,1440,0.14623627734025194,16,16,0,,0,1,0,0
10:50:13,2023-06-30,248,587,0.9633081561644374,16,16,0,,0,-1,1,0
10:50:14,2023-06-30,287,753,0.08667516818210663,16,16,0,,0,1,0,0
10:50:20,2023-06-30,1479,524,0.10779320027221669,16,16,0,,0,1,0,0
10:50:20,2023-06-30,597,469,0.010713865995710283,16,16,0,,0,1,0,0
10:50:20,2023-06-30,618,1295,0.030026087647131584,16,16,0,,0,1,0,0
10:50:22,2023-06-30,1441,727,0.10826598819304523,16,16,0,,0,1,0,0
10:50:25,2023-06-30,648,988,0.06532595528453451,16,8,0,,0,1,0,0
10:50:27,2023-06-30,456,434,0.08749318267621646,12,16,0,,0,1,0,0
10:50:29,2023-06-30,1450,74,0.07281796403593806,16,1,0,,0,1,0,0
10:50:33,2023-06-30,687,1097,0.14203614941848888,16,16,0,,0,1,0,0
10:50:34,2023-06-30,508,928,0.16760299613415747,16,15,0,,0,1,0,1
10:50:35,2023-06-30,1081,907,0.051829938970068906,16,16,0,,0,1,0,0
10:50:39,2023-06-30,827,49,0.027604739000601244,16,16,0,,0,1,0,0
10:50:41,2023-06-30,333,276,0.03257306684381947,16,16,0,,0,1,0,0
10:50:43,2023-06-30,7,242,0.007637204715110202,16,16,0,,0,1,0,0
10:50:45,2023-06-30,460,790,0.03368520614029612,16,16,0,,1,1,0,0
10:50:46,2023-06-30,1158,305,0.06052045802118239,16,16,0,,0,1,0,0
10:50:48,2023-06-30,548,180,0.1554994708971553,16,16,0,,0,1,0,0
10:50:48,2023-06-30,93,692,0.051737775574666446,16,16,0,,0,1,0,0
10:50:51,2023-06-30,977,737,0.0213757291817242,16,16,0,,0,1,0,0
10:50:51,2023-06-30,461,192,0.37147614995396333,16,16,0,,0,-1,1,0
10:50:52,2023-06-30,991,1549,0.14801428429652877,1,16,0,,0,1,0,0
10:50:55,2023-06-30,861,500,0.1886108440532277,16,16,0,,0,1,0,0
10:50:56,2023-06-30,897,772,0.06909538666856484,16,16,0,,0,1,0,0
10:50:57,2023-06-30,822,967,0.0670975262495123,16,16,0,,0,1,0,0
10:50:59,2023-06-30,322,969,0.18032360421691299,16,16,0,,0,1,0,0
10:51:01,2023-06-30,1043,342,0.10752031424113676,16,16,0,,0,1,0,0
10:51:05,2023-06-30,1066,1247,0.06136331544170659,16,16,0,,0,1,0,0
10:51:06,2023-06-30,378,1185,0.05581896637722297,16,16,0,,0,1,0,0
10:51:07,2023-06-30,313,1026,0.05933983977728381,16,16,0,,0,1,0,0
10:51:08,2023-06-30,1516,504,0.01840230120156096,16,16,0,,0,1,0,0
10:51:09,2023-06-30,114,716,0.03500239611956064,16,16,0,,0,1,0,0
10:51:10,2023-06-30,81,283,0.0695538866887095,16,16,0,,0,1,0,0
10:51:13,2023-06-30,1392,334,0.04124363432190589,16,16,0,,0,1,0,0
10:51:15,2023-06-30,205,177,0.024341691411980546,16,16,0,,0,1,0,0
10:51:17,2023-06-30,690,1156,0.03503341759762208,16,16,0,,0,1,0,0
10:51:18,2023-06-30,1075,228,0.11687090855988129,16,16,0,,0,1,0,0
10:51:22,2023-06-30,1449,1245,0.10357917060924766,16,16,0,,0,1,0,0
10:51:24,2023-06-30,160,1011,0.11905528400678045,16,16,0,,0,1,0,0
10:51:25,2023-06-30,901,1283,0.022290026105667902,16,16,0,,0,1,0,0
10:51:26,2023-06-30,167,1149,0.2951120834320722,16,16,0,,0,-1,1,0
10:51:27,2023-06-30,1517,175,0.06890333668820105,16,16,0,,0,1,0,0
10:51:29,2023-06-30,1158,1159,0.08561026906176504,16,16,0,,0,1,0,0
10:51:34,2023-06-30,153,265,0.08578983321900867,16,16,0,,0,1,0,0
10:51:35,2023-06-30,490,1473,0.12438235400500795,16,16,0,,0,1,0,0
10:51:38,2023-06-30,1130,685,0.015322035765833407,16,16,0,,0,1,0,0
10:51:41,2023-06-30,887,309,0.019206413954464843,16,16,0,,0,1,0,0
10:51:45,2023-06-30,1161,1160,0.05732292882398606,16,16,0,,0,1,0,0
10:51:46,2023-06-30,494,797,0.00135451872879904,16,16,0,,0,1,0,0
10:51:46,2023-06-30,32,301,0.11306453458579441,16,16,0,,0,1,0,0
10:51:47,2023-06-30,345,640,0.1776717183620505,16,16,0,,0,1,0,0
10:51:47,2023-06-30,675,1002,0.06785169570993553,16,16,0,,0,1,0,0
10:51:49,2023-06-30,1178,419,0.28125050281182024,16,16,0,,0,-1,1,0
10:51:50,2023-06-30,100,496,0.22420908424725483,16,16,0,,0,-1,1,0
10:51:53,2023-06-30,1374,764,0.0874943411546503,16,16,0,,0,1,0,0
10:51:57,2023-06-30,949,893,0.12083908335522643,16,2,0,,0,1,0,0
10:51:57,2023-06-30,800,306,0.05175360811326212,16,16,0,,0,1,0,0
10:52:00,2023-06-30,1076,739,0.002147304137016591,16,16,0,,0,1,0,0
10:52:01,2023-06-30,30,105,0.019175006316925456,16,16,0,,0,1,0,0
10:52:02,2023-06-30,350,946,0.04092440915347278,16,2,0,,0,1,0,0
10:52:03,2023-06-30,1184,749,0.06480283791174736,16,16,0,,0,1,0,0
10:52:08,2023-06-30,675,1024,0.15270097316050035,16,16,0,,0,1,0,0
10:52:09,2023-06-30,339,1134,0.13274592469812949,16,16,0,,0,1,0,0
10:52:09,2023-06-30,1256,697,0.029636838893364763,16,16,0,,0,1,0,0
10:52:12,2023-06-30,27,980,0.10163962027136456,16,16,0,,0,1,0,0
10:52:15,2023-06-30,273,594,0.17662625593543207,16,16,0,,0,1,0,0
10:52:16,2023-06-30,1316,1326,0.04947565335287472,16,16,0,,0,1,0,0
10:52:19,2023-06-30,1427,507,0.03189638671863687,16,16,0,,0,1,0,0
10:52:21,2023-06-30,525,1251,0.006616713934732098,16,16,0,,0,1,0,0
10:52:22,2023-06-30,1209,1453,0.2899581415997892,16,16,0,,0,-1,1,0
10:52:23,2023-06-30,450,1493,0.23967168206305958,16,16,0,,0,-1,1,0
10:52:27,2023-06-30,1198,684,0.08115733540177512,16,16,0,,0,1,0,0
10:52:32,2023-06-30,1481,676,0.04625997466021506,12,16,0,,0,1,0,0
10:52:32,2023-06-30,1348,1162,0.15923389048851877,9,16,0,,0,1,0,0
10:52:37,2023-06-30,919,781,0.034198926965786657,16,16,0,,0,1,0,0
10:52:39,2023-06-30,1512,1518,0.03916493785213722,16,16,0,,0,1,0,0
10:52:50,2023-06-30,730,1505,0.13639332968712972,16,16,0,,0,1,0,0
10:52:51,2023-06-30,599,1249,0.15567285650275184,16,16,0,,0,1,0,0
10:52:51,2023-06-30,79,1362,0.01401256897612775,16,16,0,,0,1,0,0
10:52:54,2023-06-30,1297,1087,0.0896559331923508,16,16,0,,0,1,0,0
10:52:55,2023-06-30,557,119,0.17775178209381073,16,16,0,,0,1,0,0
10:52:57,2023-06-30,1139,594,0.09346076252852592,16,16,0,,0,1,0,0
10:52:58,2023-06-30,510,1074,0.05804015569435271,16,16,0,,0,1,0,0
10:53:00,2023-06-30,436,723,0.02521055023735292,16,16,0,,0,1,0,0
10:53:02,2023-06-30,1096,684,0.13876936895491473,16,16,0,,0,1,0,0
10:53:09,2023-06-30,1043,752,0.09700454805761138,16,16,0,,0,1,0,0
10:53:09,2023-06-30,166,978,0.10221062141941667,16,16,0,,0,1,0,0
10:53:11,2023-06-30,160,393,0.1427896752797822,16,16,0,,0,1,0,0
10:53:16,2023-06-30,387,1183,0.14489849218883044,16,16,0,,0,1,0,0
10:53:16,2023-06-30,68,804,0.13866549205534798,16,16,0,,0,1,0,0
10:53:16,2023-06-30,1031,125,0.2589007507068971,16,16,0,,0,-1,1,0
10:53:16,2023-06-30,206,212,0.07908584724226139,16,16,0,,0,1,0,0
10:53:17,2023-06-30,1309,1154,0.028810328890740165,16,16,0,,0,1,0,0
10:53:19,2023-06-30,1158,123,0.08109194573017672,16,16,0,,0,1,0,0
10:53:21,2023-06-30,604,1446,0.3187548261889754,16,16,0,,0,-1,1,0
10:53:23,2023-06-30,993,417,0.0837117803483699,16,16,0,,0,1,0,0
10:53:23,2023-06-30,261,182,0.11301768056913727,16,16,0,,0,1,0,0
10:53:26,2023-06-30,788,1350,0.0656583098752177,16,16,0,,0,1,0,0
10:53:29,2023-06-30,991,1409,0.5824082990305722,1,16,0,,0,-1,1,0
10:53:30,2023-06-30,1046,382,0.08657463799801539,16,16,0,,0,1,0,0
10:53:32,2023-06-30,768,804,0.1493281275603178,16,16,0,,0,1,0,0
10:53:33,2023-06-30,848,195,0.1276847898603789,16,16,0,,0,1,0,0
10:53:38,2023-06-30,509,382,0.08363635053034497,16,16,0,,0,1,0,0
10:53:38,2023-06-30,6,441,0.10523347781275666,16,16,0,,0,1,0,0
10:53:38,2023-06-30,646,889,0.049891032231315705,16,16,0,,0,1,0,0
10:53:40,2023-06-30,1548,1260,0.04782842573979468,16,16,0,,0,1,0,0
10:53:43,2023-06-30,1084,536,0.11614621593960775,16,16,0,,0,1,0,0
10:53:51,2023-06-30,361,523,0.030980673876607374,16,16,0,,0,1,0,0
10:53:55,2023-06-30,675,934,0.1128929510577616,16,16,0,,0,1,0,0
10:53:57,2023-06-30,1389,875,0.0021507795723180807,16,16,0,,0,1,0,0
10:54:02,2023-06-30,1330,532,0.17947688520160934,16,16,0,,0,1,0,0
10:54:04,2023-06-30,238,1430,0.1923008553046277,16,16,0,,0,1,0,0
10:54:04,2023-06-30,1410,56,0.16994029073432215,16,16,0,,0,1,0,0
10:54:05,2023-06-30,573,1086,0.05153272489187856,16,16,0,,0,1,0,0
10:54:12,2023-06-30,1229,125,0.09114843957460156,16,16,0,,0,1,0,0
10:54:12,2023-06-30,181,595,0.0006062703803709473,16,16,0,,0,-1,1,0
10:54:15,2023-06-30,1108,150,0.0019134202132089452,16,16,0,,0,1,0,0
10:54:17,2023-06-30,1234,170,0.051914765335390446,16,16,0,,0,1,0,0
10:54:17,2023-06-30,1085,318,0.009894564303340627,16,16,0,,0,1,0,0
10:54:18,2023-06-30,238,478,0.065527015652717,16,16,0,,0,1,0,0
10:54:19,2023-06-30,1181,976,0.15278567080599592,16,16,0,,0,1,0,0
10:54:20,2023-06-30,924,709,0.024129561138763703,16,16,0,,0,1,0,0
10:54:24,2023-06-30,1173,742,0.021096278439519247,4,16,0,,0,1,0,0
10:54:27,2023-06-30,612,466,0.07409229031315087,16,16,0,,0,1,0,0
10:54:27,2023-06-30,117,931,0.0022603201442279904,16,8,0,,0,1,0,0
10:54:29,2023-06-30,938,1268,0.125948101968242,5,16,0,,0,1,0,0
10:54:35,2023-06-30,326,1319,0.005434679772747721,16,16,0,,0,1,0,0
10:54:36,2023-06-30,1552,1220,0.04533898430532034,16,16,0,,0,1,0,0
10:54:38,2023-06-30,1068,175,0.2062981066214637,16,16,0,,0,1,0,0
10:54:38,2023-06-30,302,1408,0.06718647164926525,7,16,0,,0,1,0,0
10:54:38,2023-06-30,563,340,0.014695170213305485,16,16,0,,0,1,0,0
10:54:39,2023-06-30,492,20,0.15614062435036713,16,12,0,,0,1,0,0
10:54:39,2023-06-30,1214,699,0.01312684785355185,16,16,0,,0,1,0,0
10:54:40,2023-06-30,847,811,0.07392366734111563,16,16,0,,0,1,0,0
10:54:41,2023-06-30,41,858,0.04974866810378062,16,16,0,,0,1,0,0
10:54:41,2023-06-30,1308,1527,0.33080570501715123,16,16,0,,0,-1,1,0
10:54:42,2023-06-30,427,681,0.07294552538348532,16,16,0,,0,1,0,0
10:54:46,2023-06-30,828,732,0.00599860133037089,16,16,0,,0,1,0,0
10:54:47,2023-06-30,1429,1146,0.0012924757726761535,16,16,0,,0,1,0,0
10:54:50,2023-06-30,1075,904,0.12628135759770703,16,16,0,,0,1,0,0
10:54:51,2023-06-30,1433,735,0.004337858135562829,16,16,0,,0,1,0,0
10:54:51,2023-06-30,1336,1131,0.07234813667110707,16,16,0,,0,1,0,0
10:54:51,2023-06-30,661,373,0.004630695739669816,16,16,0,,0,1,0,0
10:54:52,2023-06-30,788,1350,0.06637038795254512,16,16,0,,0,1,0,0
10:54:54,2023-06-30,1370,42,0.14180973124458815,16,16,0,,0,1,0,0
10:54:55,2023-06-30,234,1142,0.07944008420336135,16,16,0,,0,1,0,0
10:54:55,2023-06-30,293,1247,0.11663676719642167,16,16,0,,1,1,0,0
10:54:55,2023-06-30,758,473,0.024270509348213,16,16,0,,0,1,0,0
10:54:56,2023-06-30,508,928,0.16869981777134235,16,15,0,,0,1,0,1
10:54:58,2023-06-30,1032,277,0.018081273955564112,16,16,0,,0,1,0,0
10:55:03,2023-06-30,1168,1473,0.11175789963226032,16,16,0,,0,1,0,0
10:55:04,2023-06-30,1243,1207,0.08194574433590932,16,16,0,,0,1,0,0
10:55:06,2023-06-30,591,496,0.11050944604006971,16,16,0,,0,1,0,0
10:55:08,2023-06-30,461,192,0.36451485304507986,16,16,0,,0,-1,1,0
10:55:08,2023-06-30,90,65,0.13944952451539883,16,16,0,,0,1,0,0
10:55:09,2023-06-30,314,1089,0.025139110733933413,16,16,0,,0,1,0,0
10:55:10,2023-06-30,908,878,0.011525830657999017,16,16,0,,0,1,0,0
10:55:10,2023-06-30,1373,483,0.09839369241959933,16,16,0,,0,1,0,0
10:55:11,2023-06-30,1388,876,0.24563437056198173,16,16,0,,0,-1,1,0
10:55:13,2023-06-30,367,1222,0.5101204032380244,6,16,0,,0,-1,1,0
10:55:19,2023-06-30,408,1196,0.22335026556830898,16,12,0,,0,-1,1,0
10:55:26,2023-06-30,949,893,0.12109060189519347,16,2,0,,0,1,0,0
10:55:27,2023-06-30,922,500,0.32571020198586376,16,16,0,,0,-1,1,0
10:55:31,2023-06-30,793,175,0.08306341858490314,4,16,0,,0,1,0,0
10:55:33,2023-06-30,440,257,0.23206215211053532,16,16,0,,0,-1,1,0
10:55:34,2023-06-30,1347,1021,0.22844164956516513,16,16,0,,0,-1,1,0
10:55:34,2023-06-30,467,267,0.016265294650622854,16,16,0,,0,1,0,0
10:55:36,2023-06-30,179,1504,0.16580580992380944,16,16,0,,1,1,0,0
10:55:36,2023-06-30,724,484,0.2813282495867128,16,16,0,,0,-1,1,0
10:55:37,2023-06-30,1229,125,0.09173591686037927,16,16,0,,0,1,0,0
10:55:37,2023-06-30,575,603,0.06492821102225295,16,16,0,,0,1,0,0
10:55:40,2023-06-30,179,1261,0.10440696781013206,16,16,0,,1,1,0,0
10:55:41,2023-06-30,101,859,0.09627226096760495,13,16,0,,0,1,0,0
10:55:46,2023-06-30,891,936,0.0028403316800987947,16,16,0,,0,1,0,0
10:55:46,2023-06-30,26,402,0.016865129039694747,16,16,0,,0,1,0,0
10:55:49,2023-06-30,756,1079,0.0027177904057647945,16,16,0,,0,1,0,0
10:55:49,2023-06-30,660,253,0.06918948086135703,16,16,0,,0,1,0,0
10:55:54,2023-06-30,238,1193,0.1457109717304231,16,16,0,,0,1,0,0
10:55:55,2023-06-30,937,583,0.03413881480705349,16,16,0,,0,1,0,0
10:55:56,2023-06-30,614,1422,0.10471550923300875,16,16,0,,0,1,0,0
10:55:58,2023-06-30,487,175,0.3053910051357923,16,16,0,,0,-1,1,0
10:56:00,2023-06-30,877,332,0.0576222024193921,16,8,0,,0,1,0,0
10:56:01,2023-06-30,116,1428,0.02934940752194898,16,16,0,,0,1,0,0
10:56:02,2023-06-30,683,1044,0.001727033905188323,16,16,0,,0,1,0,0
10:56:02,2023-06-30,111,947,0.19741270575381484,16,16,0,,0,1,0,0
10:56:03,2023-06-30,1093,40,0.0016247016435333539,16,16,0,,0,1,0,0
10:56:04,2023-06-30,643,192,0.12928464857749788,16,16,0,,0,1,0,0
10:56:10,2023-06-30,61,14,0.0163555272486356,16,16,0,,0,1,0,0
10:56:11,2023-06-30,1292,1426,0.0034867626461758433,16,16,0,,0,1,0,0
10:56:13,2023-06-30,392,243,0.09339266974058191,16,16,0,,0,1,0,0
10:56:15,2023-06-30,355,108,0.15410813829812567,16,16,0,,0,1,0,0
10:56:21,2023-06-30,197,299,0.0013549048882769833,16,10,0,,0,1,0,1
10:56:23,2023-06-30,550,480,0.052483706966226874,16,16,0,,0,1,0,0
10:56:23,2023-06-30,404,1545,0.09912404871221606,16,10,0,,0,1,0,1
10:56:23,2023-06-30,1502,1271,0.0854138426073179,16,16,0,,0,1,0,0
10:56:23,2023-06-30,435,1051,0.11295370681562468,16,16,0,,0,1,0,0
10:56:24,2023-06-30,479,843,0.05977825950457541,16,9,0,,0,1,0,0
10:56:24,2023-06-30,1470,1196,0.2233623652319512,16,12,0,,0,-1,1,0
10:56:25,2023-06-30,206,815,0.15736063086101593,16,16,0,,0,1,0,0
10:56:26,2023-06-30,584,410,0.060832861038838504,16,16,0,,0,1,0,0
10:56:26,2023-06-30,240,1386,0.31380233088435283,16,16,0,,0,-1,1,0
10:56:27,2023-06-30,1432,138,0.007633857999634694,16,16,0,,0,1,0,0
10:56:28,2023-06-30,455,975,0.08197238933988739,16,16,0,,0,1,0,0
10:56:29,2023-06-30,1447,1475,0.037436230589211146,16,16,0,,0,1,0,0
10:56:29,2023-06-30,1195,544,0.0018944983987897249,16,16,0,,0,1,0,0
10:56:31,2023-06-30,1039,175,0.05868928977677537,16,16,0,,0,1,0,0
10:56:32,2023-06-30,130,605,0.184068063954703,16,16,0,,0,1,0,0
10:56:33,2023-06-30,812,1162,0.058599700777892526,16,16,0,,0,1,0,0
10:56:34,2023-06-30,1327,700,0.10348533385610745,16,16,0,,0,1,0,0
10:56:35,2023-06-30,856,1492,0.000816469856198072,16,16,0,,0,1,0,0
10:56:35,2023-06-30,69,184,0.16992458691555246,16,16,0,,0,1,0,0
10:56:36,2023-06-30,816,149,0.006820992298564092,16,16,0,,0,1,0,0
10:56:40,2023-06-30,152,751,0.023537063779772733,16,16,0,,0,1,0,0
10:56:42,2023-06-30,895,178,0.06948193230598608,16,16,0,,0,1,0,0
10:56:43,2023-06-30,356,244,0.18494413109033028,16,16,0,,0,1,0,0
10:56:43,2023-06-30,1404,1116,0.06729755685908692,16,16,0,,0,1,0,0
10:56:45,2023-06-30,636,708,0.008359322938864133,16,5,0,,0,1,0,0
10:56:47,2023-06-30,633,1288,0.03555692112988719,16,16,0,,0,1,0,0
10:56:51,2023-06-30,45,1376,0.05993310945523067,16,16,0,,0,1,0,0
10:56:51,2023-06-30,1287,666,0.2927724718750398,16,16,0,,0,-1,1,0
10:56:57,2023-06-30,1450,626,0.1811511439781454,16,8,0,,0,1,0,0
10:56:58,2023-06-30,200,320,0.050120410961214015,16,16,0,,0,1,0,0
10:57:00,2023-06-30,1069,952,0.1270930648203438,16,16,0,,0,1,0,0
10:57:09,2023-06-30,231,1384,0.09444945951188669,16,16,0,,0,1,0,0
10:57:09,2023-06-30,1286,1271,0.11400521907406423,16,16,0,,0,1,0,0
10:57:14,2023-06-30,1329,564,0.06272130960580712,16,16,0,,0,1,0,0
10:57:15,2023-06-30,345,190,0.07745007569369367,16,16,0,,0,1,0,0
10:57:17,2023-06-30,312,112,0.010811564343629933,16,2,0,,0,1,0,0
10:57:18,2023-06-30,336,217,0.06083247487936057,16,16,0,,0,1,0,0
10:57:19,2023-06-30,991,1494,0.0706002501541098,1,16,0,,0,1,0,0
10:57:20,2023-06-30,223,415,0.004006533303487497,16,16,0,,0,1,0,0
10:57:22,2023-06-30,109,2,0.011176999929590255,16,16,0,,0,1,0,0
10:57:24,2023-06-30,1344,474,0.05284721175479748,16,16,0,,0,1,0,0
10:57:27,2023-06-30,266,1102,0.05001267246686784,16,16,0,,0,1,0,0
10:57:29,2023-06-30,748,570,0.0028727690762460306,16,16,0,,0,1,0,0
10:57:29,2023-06-30,325,1490,0.01105638945264597,16,16,0,,0,1,0,0
10:57:30,2023-06-30,363,1027,0.03478949352738791,16,16,0,,0,1,0,0
10:57:31,2023-06-30,1123,552,0.12138562773634214,16,16,0,,0,1,0,0
10:57:36,2023-06-30,160,1,0.09359244291050457,16,16,0,,0,1,0,0
10:57:40,2023-06-30,548,1435,0.13838578387349107,16,16,0,,0,1,0,0
10:57:43,2023-06-30,25,430,0.004176057314304596,16,16,0,,0,1,0,0
10:57:48,2023-06-30,991,1105,0.2300273491014262,1,16,0,,0,-1,1,0
10:57:49,2023-06-30,120,571,0.033491740241846535,16,16,0,,0,1,0,0
10:57:49,2023-06-30,176,323,0.014942312279189183,16,16,0,,0,1,0,0
10:57:54,2023-06-30,528,755,0.023476436741735638,16,7,0,,0,1,0,0
10:57:55,2023-06-30,238,736,0.15264407899741672,16,16,0,,0,1,0,0
10:57:57,2023-06-30,328,940,0.030250060144338686,16,16,0,,0,1,0,0
10:57:58,2023-06-30,477,1020,0.0,16,16,0,,0,-1,1,0
10:57:58,2023-06-30,412,512,0.03372987191991156,16,8,0,,0,1,0,0
10:58:00,2023-06-30,1550,423,0.00010928313225794787,16,16,0,,0,-1,1,0
10:58:00,2023-06-30,514,208,0.08081802994048895,16,16,0,,0,1,0,0
10:58:03,2023-06-30,1018,125,0.10012664743678279,16,16,0,,0,1,0,0
10:58:04,2023-06-30,76,202,0.0900500732995049,14,16,0,,0,1,0,0
10:58:08,2023-06-30,920,537,0.1707433737286182,16,6,0,,0,1,0,0
10:58:09,2023-06-30,385,189,0.07511278109352898,16,16,0,,0,1,0,0
10:58:11,2023-06-30,635,804,0.07247737137639208,5,16,0,,0,1,0,0
10:58:16,2023-06-30,193,1227,0.018966995078140012,16,16,0,,0,1,0,0
10:58:17,2023-06-30,569,1174,0.03629590165084464,16,16,0,,0,1,0,0
10:58:20,2023-06-30,872,527,0.029426768137363616,16,16,0,,0,1,0,0
10:58:23,2023-06-30,115,1029,0.061244507042326035,16,16,0,,0,1,0,0
10:58:24,2023-06-30,1248,434,0.135186581318557,16,16,0,,0,1,0,0
10:58:25,2023-06-30,15,668,0.005176725241481612,16,16,0,,0,1,0,0
10:58:25,2023-06-30,834,1073,0.05998228042875545,16,16,0,,0,1,0,0
10:58:27,2023-06-30,1036,1138,0.10973892916174688,16,16,0,,0,1,0,0
10:58:28,2023-06-30,259,743,0.023880359555664307,16,16,0,,0,1,0,0
10:58:31,2023-06-30,944,789,0.02460144802081039,16,16,0,,0,1,0,0
10:58:32,2023-06-30,1231,621,0.013826182668107126,16,16,0,,0,1,0,0
10:58:32,2023-06-30,895,465,0.1318389648042667,16,16,0,,0,1,0,0
10:58:33,2023-06-30,840,987,0.025960214503866805,16,16,0,,0,1,0,0
10:58:35,2023-06-30,1233,1058,0.04165116129096203,16,16,0,,0,1,0,0
10:58:37,2023-06-30,1103,426,0.06889496989951228,16,16,0,,0,1,0,0
10:58:39,2023-06-30,1393,288,0.024577377413351923,16,16,0,,0,1,0,0
10:58:44,2023-06-30,917,366,0.012482090245212555,16,16,0,,0,1,0,0
10:58:47,2023-06-30,861,500,0.18655132683753023,16,16,0,,0,1,0,0
10:58:49,2023-06-30,1450,851,0.07562701679832344,16,16,0,,0,1,0,0
10:58:51,2023-06-30,215,524,0.2431607616661031,16,16,0,,0,-1,1,0
10:58:55,2023-06-30,990,121,0.14616960047039373,16,16,0,,0,1,0,0
10:58:56,2023-06-30,966,484,0.19905928976776496,16,16,0,,0,1,0,0
10:58:58,2023-06-30,313,1025,0.21702844875489954,16,16,0,,0,-1,1,0
10:58:59,2023-06-30,1075,227,0.2960575305539033,16,16,0,,0,-1,1,0
10:59:01,2023-06-30,8,262,0.01832133643101885,16,16,0,,0,1,0,0
10:59:02,2023-06-30,1352,175,0.13448248387044043,16,16,0,,0,1,0,0
10:59:03,2023-06-30,890,711,0.01441546203144857,16,16,0,,0,1,0,0
10:59:08,2023-06-30,13,1235,0.002934940752194898,16,16,0,,0,1,0,0
10:59:10,2023-06-30,824,566,0.0055883712449691465,16,16,0,,0,1,0,0
10:59:12,2023-06-30,1396,794,0.0038948044945359074,16,16,0,,0,1,0,0
10:59:13,2023-06-30,588,1530,0.009845908209119774,16,16,0,,0,1,0,0
10:59:14,2023-06-30,578,428,0.01550636255663833,16,16,0,,0,1,0,0
10:59:16,2023-06-30,548,164,0.12448816170196443,16,16,0,,0,1,0,0
10:59:16,2023-06-30,895,24,0.2471802956720147,16,16,0,,0,-1,1,0
10:59:17,2023-06-30,1101,1350,0.12229825130254808,16,16,0,,0,1,0,0
10:59:17,2023-06-30,1351,1247,0.23823632728354444,16,16,0,,0,-1,1,0
10:59:18,2023-06-30,160,1011,0.11507938602187644,16,16,0,,0,1,0,0
10:59:19,2023-06-30,482,1172,0.07628837926421429,16,16,0,,0,1,0,0
10:59:20,2023-06-30,139,1522,0.05930727366131058,16,16,0,,0,1,0,0
10:59:20,2023-06-30,53,357,0.004132292573471024,16,16,0,,0,1,0,0
10:59:22,2023-06-30,991,1452,0.09849550980195038,1,16,0,,0,1,0,0
10:59:23,2023-06-30,83,1110,0.09560896770432437,16,16,0,,0,1,0,0
10:59:23,2023-06-30,290,1097,0.23160931576273386,16,16,0,,0,-1,1,0
10:59:25,2023-06-30,543,820,0.0036134229549412383,16,16,0,,0,1,0,0
10:59:32,2023-06-30,997,804,0.159457219386596,16,16,0,,0,1,0,0
10:59:36,2023-06-30,1141,1379,0.16248947232723257,16,16,0,,0,1,0,0
10:59:37,2023-06-30,1455,632,0.019480973343282516,16,16,0,,0,1,0,0
10:59:40,2023-06-30,1315,56,0.14900529823675723,16,16,0,,0,1,0,0
10:59:44,2023-06-30,486,1216,0.08167762093839069,16,16,0,,0,1,0,0
10:59:45,2023-06-30,46,1136,0.10754644436581093,16,16,0,,0,1,0,0
10:59:47,2023-06-30,11,1489,0.003139733995330817,16,16,0,,0,1,0,0
10:59:49,2023-06-30,1188,1350,0.18912250536150255,16,16,0,,0,1,0,0
10:59:49,2023-06-30,658,585,0.03452561788412667,16,16,0,,0,1,0,0
10:59:55,2023-06-30,1048,1459,0.24800178560142602,16,16,0,,0,-1,1,0
10:59:56,2023-06-30,611,1177,0.19184853383613015,16,16,0,,0,1,0,0
10:59:57,2023-06-30,294,22,0.18305001885101851,16,16,0,,0,1,0,0
10:59:57,2023-06-30,3,1033,0.06667275082377469,16,16,0,,0,1,0,0
10:59:58,2023-06-30,968,842,0.006367769791284663,16,16,0,,0,1,0,0
10:59:59,2023-06-30,1281,581,0.01591183000847877,16,16,0,,0,1,0,0
11:00:01,2023-06-30,70,706,0.05714786986065178,16,16,0,,0,1,0,0
11:00:06,2023-06-30,1145,343,0.25843607213510533,16,16,0,,0,-1,1,0
11:00:07,2023-06-30,982,1384,0.08258084795730002,16,16,0,,0,1,0,0
11:00:08,2023-06-30,715,1115,0.05240222731638085,16,16,0,,0,1,0,0
11:00:09,2023-06-30,599,311,0.14352646756369797,16,16,0,,0,1,0,0
11:00:13,2023-06-30,102,382,0.10714303643118618,16,16,0,,0,1,0,0
11:00:14,2023-06-30,770,1408,0.22227661349980068,16,16,0,,0,-1,1,0
11:00:18,2023-06-30,1293,443,0.09839755401437877,16,16,0,,0,1,0,0
11:00:19,2023-06-30,355,99,0.2062565301176718,16,2,0,,0,1,0,0
11:00:22,2023-06-30,427,803,0.16068430548767373,16,16,0,,0,1,0,0
11:00:23,2023-06-30,199,381,0.00793261671573681,16,16,0,,0,1,0,0
11:00:25,2023-06-30,492,20,0.15593081103401796,16,12,0,,0,1,0,0
11:00:31,2023-06-30,1303,749,0.05362146150807376,16,16,0,,0,1,0,0
11:00:37,2023-06-30,1521,471,0.05188207049959125,16,16,0,,0,1,0,0
11:00:37,2023-06-30,1361,1276,0.008872657604876731,16,16,0,,0,1,0,0
11:00:41,2023-06-30,62,1397,0.06114835333231817,16,16,0,,0,1,0,0
11:00:51,2023-06-30,1542,1554,0.13932685452123883,16,16,0,,0,1,0,0
11:00:53,2023-06-30,644,885,0.10464986212175839,16,16,0,,0,1,0,0
11:00:53,2023-06-30,1500,1350,0.08895479630023177,16,16,0,,0,1,0,0
11:00:58,2023-06-30,506,579,0.02376283835454357,16,16,0,,0,1,0,0
11:01:00,2023-06-30,1037,1162,0.10779320027221669,16,16,0,,0,1,0,0
11:01:01,2023-06-30,221,1459,0.08169319603733441,16,16,0,,0,1,0,0
11:01:02,2023-06-30,1228,1051,0.17704420921039268,16,16,0,,0,1,0,0
11:01:07,2023-06-30,153,104,0.14250610550314585,16,16,0,,0,1,0,0
11:01:15,2023-06-30,1299,700,0.14375146981951292,16,16,0,,0,1,0,0
11:01:20,2023-06-30,1253,718,0.00510116670363071,16,16,0,,0,1,0,0
11:01:20,2023-06-30,214,850,0.0035010505468597445,16,16,0,,0,1,0,0
11:01:21,2023-06-30,452,172,0.0002965704790604379,16,16,0,,0,-1,1,0
11:01:23,2023-06-30,953,1170,0.1129827974962964,16,16,0,,0,1,0,0
11:01:23,2023-06-30,148,1473,0.0998099966648693,12,16,0,,0,1,0,0
11:01:25,2023-06-30,455,252,0.060577609623918,16,16,0,,0,1,0,0
11:01:25,2023-06-30,390,1371,0.1671962414840572,16,16,0,,0,1,0,0
11:01:26,2023-06-30,898,1147,0.010290249048406506,16,16,0,,0,1,0,0
11:01:28,2023-06-30,1460,714,0.015465687091628306,16,16,0,,0,1,0,0
11:01:30,2023-06-30,445,260,0.0091846744630549,16,16,0,,0,1,0,0
11:01:31,2023-06-30,554,1473,0.060960293666559785,16,16,0,,0,1,0,0
11:01:32,2023-06-30,1496,594,0.23458004062655147,16,16,0,,0,-1,1,0
11:01:33,2023-06-30,857,411,0.0016093839842416043,16,16,0,,0,1,0,0
11:01:33,2023-06-30,830,85,0.007238430694220776,16,16,0,,0,1,0,0
11:01:35,2023-06-30,881,285,0.15481416654363198,16,2,0,,0,1,0,0
11:01:38,2023-06-30,1152,1331,0.02829030079377655,16,16,0,,0,1,0,0
11:01:38,2023-06-30,82,454,0.17751287809678984,16,3,0,,0,1,0,0
11:01:40,2023-06-30,1001,1091,0.010984177630270578,16,16,0,,0,1,0,0
11:01:41,2023-06-30,694,1296,0.016797422411228693,16,16,0,,0,1,0,0
11:01:43,2023-06-30,206,353,0.05975006986268555,16,16,0,,0,1,0,0
11:01:45,2023-06-30,1477,202,0.060450305716022695,16,16,0,,0,1,0,0
11:01:47,2023-06-30,1064,500,0.08052647953464179,16,16,0,,0,1,0,0
11:01:49,2023-06-30,1065,1317,0.016140436419421193,16,16,0,,0,1,0,0
11:01:49,2023-06-30,420,375,0.11001374599021652,16,16,0,,0,1,0,0
11:01:50,2023-06-30,439,710,0.1271728711124521,16,16,0,,0,1,0,0
11:01:52,2023-06-30,52,592,0.03180859979731776,16,16,0,,0,1,0,0
11:01:52,2023-06-30,1028,978,0.16504855118756268,16,16,0,,0,1,0,0
11:01:56,2023-06-30,599,89,0.1016747607838574,16,16,0,,0,1,0,0
11:01:56,2023-06-30,316,1211,0.028323896668357613,16,16,0,,0,1,0,0
11:01:57,2023-06-30,1255,915,0.01241193794005286,16,16,0,,0,1,0,0
11:01:58,2023-06-30,767,1038,0.07297847765893647,16,16,0,,0,1,0,0
11:02:09,2023-06-30,1250,33,0.007921160651224491,16,16,0,,0,1,0,0
11:02:11,2023-06-30,909,496,0.07484530129514028,16,16,0,,0,1,0,0
11:02:16,2023-06-30,60,87,0.0014396025337725426,16,16,0,,0,1,0,0
11:02:16,2023-06-30,203,132,0.1594332774989635,16,16,0,,0,1,0,0
11:02:18,2023-06-30,107,1280,0.0292573728463725,16,16,0,,0,1,0,0
11:02:24,2023-06-30,653,969,0.22208893999352022,16,16,0,,0,-1,1,0
11:02:24,2023-06-30,226,1519,0.3228120751038994,16,16,0,,0,-1,1,0
11:02:24,2023-06-30,1310,721,0.015548067780256204,16,16,0,,0,1,0,0
11:02:26,2023-06-30,153,145,0.11389941137710775,16,16,0,,0,1,0,0
11:02:27,2023-06-30,210,1191,0.11466825489769283,16,16,0,,0,1,0,0
11:02:31,2023-06-30,389,757,0.15967153789685448,16,16,0,,0,1,0,0
11:02:32,2023-06-30,679,1438,0.006075704506133564,16,16,0,,0,1,0,0
11:02:34,2023-06-30,1488,250,0.25309458551636793,16,16,0,,0,-1,1,0
11:02:36,2023-06-30,263,996,0.022834124810089982,16,16,0,,0,1,0,0
11:02:37,2023-06-30,1226,202,0.10284572504080738,9,16,0,,0,1,0,0
11:02:40,2023-06-30,1117,670,0.052750157006007735,16,16,0,,0,1,0,0
11:02:41,2023-06-30,386,375,0.13310222117644513,16,16,0,,0,1,0,0
11:02:41,2023-06-30,965,56,0.10196154855614327,16,16,0,,0,1,0,0
11:02:44,2023-06-30,429,1408,0.07162550356804921,11,16,0,,0,1,0,1
11:02:45,2023-06-30,1420,1434,0.0034163529013641852,16,16,0,,0,1,0,0
11:02:48,2023-06-30,783,446,0.01058038353616789,16,16,0,,0,1,0,0
11:02:50,2023-06-30,542,165,0.002592546015085191,16,16,0,,0,1,0,0
11:02:53,2023-06-30,879,700,0.14807504005439184,16,16,0,,0,1,0,0
11:02:57,2023-06-30,663,36,0.20213994136297048,16,16,0,,0,1,0,0
11:02:57,2023-06-30,57,594,0.07689786764023476,16,16,0,,0,1,0,0
11:02:59,2023-06-30,1469,500,0.13296667919968708,16,16,0,,0,1,0,0
11:02:59,2023-06-30,1067,125,0.14408549776793386,16,16,0,,0,1,0,0
11:03:00,2023-06-30,675,1523,0.07427404270743618,16,16,0,,0,1,0,0
11:03:02,2023-06-30,1167,20,0.11585672505097627,16,12,0,,0,1,0,0
11:03:03,2023-06-30,383,1322,0.04961827492006177,16,16,0,,0,1,0,0
11:03:09,2023-06-30,949,893,0.1214219267272688,16,2,0,,0,1,0,0
11:03:09,2023-06-30,431,1536,0.06919630301213402,16,16,0,,0,1,0,0
11:03:09,2023-06-30,0,1498,0.017429179317143897,16,16,0,,0,1,0,0
11:03:11,2023-06-30,413,1000,0.07216368116047615,16,16,0,,0,1,0,0
11:03:12,2023-06-30,356,1201,0.1786950409786002,16,16,0,,0,1,0,0
11:03:13,2023-06-30,1538,654,0.04760162140641599,16,7,0,,0,1,0,0
11:03:15,2023-06-30,805,665,0.024810617738029665,16,16,0,,0,1,0,0
11:03:15,2023-06-30,911,394,0.10610915878890605,16,16,0,,0,1,0,0
11:03:18,2023-06-30,238,1193,0.14447899427595806,16,16,0,,0,1,0,0
11:03:18,2023-06-30,513,769,0.3259691862757377,16,3,0,,0,-1,1,0
11:03:22,2023-06-30,932,329,0.00365242506221351,16,16,0,,0,1,0,0
11:03:25,2023-06-30,1075,228,0.11626463817951034,16,16,0,,0,1,0,0
11:03:29,2023-06-30,1349,796,0.013967517037034367,16,16,0,,0,1,0,0
11:03:29,2023-06-30,881,1282,0.08103659620500485,16,10,0,,0,1,0,1
11:03:30,2023-06-30,1450,1126,0.07022734881824258,16,16,0,,0,1,0,0
11:03:33,2023-06-30,1528,1459,0.2467201222941323,16,16,0,,0,-1,1,0
11:03:33,2023-06-30,421,4,0.07246591531187976,16,16,0,,0,1,0,0
11:03:38,2023-06-30,1431,700,0.07655225490747554,16,16,0,,0,1,0,0
11:03:39,2023-06-30,540,359,0.2742446688431473,16,16,0,,0,-1,1,0
11:03:42,2023-06-30,951,295,0.04434423749013845,16,16,0,,0,1,0,0
11:03:43,2023-06-30,994,173,0.01381240964672715,16,16,0,,0,1,0,0
11:03:46,2023-06-30,380,1268,0.07241198170479368,16,16,0,,0,1,0,0
11:03:47,2023-06-30,1412,801,0.015343274537120288,16,16,0,,1,1,0,0
11:03:47,2023-06-30,1324,232,0.06794398782516398,16,16,0,,0,1,0,0
11:03:47,2023-06-30,939,774,0.0067828912300736885,16,16,0,,0,1,0,0
11:03:48,2023-06-30,486,1368,0.11855971267675323,16,16,0,,0,1,0,0
11:03:50,2023-06-30,1158,1215,0.06975855121201945,16,2,0,,0,1,0,0
11:03:53,2023-06-30,247,983,0.001107762822393285,16,16,0,,0,1,0,0
11:03:53,2023-06-30,675,1510,0.20818102023591514,16,16,0,,0,1,0,0
11:03:56,2023-06-30,427,1042,0.09476714004240802,16,16,0,,0,1,0,0
11:03:57,2023-06-30,245,923,0.21273332560156244,16,16,0,,0,1,0,0
11:03:58,2023-06-30,77,838,0.05833119122089596,16,16,0,,0,1,0,0
11:03:58,2023-06-30,962,1473,0.09061154918043442,16,16,0,,0,1,0,0
11:03:59,2023-06-30,1118,710,0.16431098658469104,16,16,0,,0,1,0,0
11:04:00,2023-06-30,582,519,0.015627616632712518,16,16,0,,0,1,0,0
11:04:03,2023-06-30,998,700,0.10436757954338186,16,16,0,,0,1,0,0
11:04:07,2023-06-30,1507,1536,0.28331993145411827,15,16,0,,0,-1,1,1
11:04:07,2023-06-30,1128,529,0.01907589205092002,16,16,0,,0,1,0,0
11:04:09,2023-06-30,356,347,0.32047323586582294,16,16,0,,0,-1,1,0
11:04:10,2023-06-30,829,590,0.0021525816498818157,16,16,0,,0,1,0,0
11:04:12,2023-06-30,1112,1059,0.01861893666868714,16,16,0,,0,1,0,0
11:04:13,2023-06-30,51,1491,0.21185609998750132,16,16,0,,1,1,0,0
11:04:19,2023-06-30,1450,44,0.11169032172362026,16,16,0,,0,1,0,0
11:04:19,2023-06-30,222,1017,0.03636270724052883,16,16,0,,0,1,0,0
11:04:20,2023-06-30,814,463,0.004806012142656064,16,16,0,,0,1,0,0
11:04:22,2023-06-30,455,425,0.0649040116949685,16,16,0,,0,1,0,0
11:04:27,2023-06-30,470,1005,0.07644464513295535,16,16,0,,0,1,0,0
11:04:30,2023-06-30,1144,1378,0.05940149657392876,16,16,0,,0,1,0,0
11:04:31,2023-06-30,680,275,0.004931642692813611,16,16,0,,0,1,0,0
11:04:33,2023-06-30,1546,65,0.14940175530077898,16,16,0,,0,1,0,0
11:04:34,2023-06-30,903,1343,0.02550583351815355,16,16,0,,0,1,0,0
11:04:35,2023-06-30,726,1203,0.05990273157629913,16,16,0,,0,1,0,0
11:04:37,2023-06-30,54,1473,0.07112272392776706,16,16,0,,0,1,0,0
11:04:42,2023-06-30,161,1055,0.037335314245641966,16,16,0,,0,1,0,0
11:04:46,2023-06-30,32,403,0.14815265810945843,16,16,0,,0,1,0,0
11:04:47,2023-06-30,734,499,0.13542149500097247,16,16,0,,0,1,0,0
11:04:50,2023-06-30,991,1105,0.23474261376676558,1,16,0,,0,-1,1,0
11:04:54,2023-06-30,558,652,0.0787847715692916,16,16,1,Stacked Bipartite,0,1,0,0
11:04:55,2023-06-30,894,1142,0.15720809786722834,1,16,0,,0,1,0,0
11:04:57,2023-06-30,1095,655,0.001674644936014018,16,16,0,,0,1,0,0
11:04:58,2023-06-30,1370,546,0.3563976520988862,16,16,0,,0,-1,1,0
11:05:00,2023-06-30,672,1537,0.00019681261392509098,16,16,0,,0,-1,1,0
11:05:02,2023-06-30,1069,952,0.12797878594291973,16,16,0,,0,1,0,0
11:05:02,2023-06-30,831,1051,0.07826113931720054,16,16,0,,0,1,0,0
11:05:05,2023-06-30,185,121,0.15852889200162032,16,16,0,,0,1,0,0
11:05:07,2023-06-30,206,1372,0.16221066518415753,16,16,0,,0,1,0,0
11:05:08,2023-06-30,127,1473,0.08881487784939032,16,16,0,,0,1,0,0
11:05:10,2023-06-30,1265,1133,0.020447659236400524,16,16,0,,0,1,0,0
11:05:13,2023-06-30,675,43,0.0586339402516035,16,16,0,,0,1,0,0
11:05:21,2023-06-30,1158,1318,0.14466229130815514,16,16,0,,0,1,0,0
11:05:25,2023-06-30,1012,1218,0.006261704654676243,16,0,0,,0,1,0,0
11:05:25,2023-06-30,401,1237,0.00043211245581852877,16,6,0,,0,-1,1,0
11:05:26,2023-06-30,127,1473,0.08653409125283135,16,16,0,,0,1,0,0
11:05:29,2023-06-30,596,1473,0.09522538262290071,16,16,0,,0,1,0,0
11:05:33,2023-06-30,1063,630,0.05339131045921957,16,16,0,,0,1,0,0
11:05:33,2023-06-30,810,258,0.07679424818031999,16,16,0,,0,1,0,0
11:05:34,2023-06-30,1325,1473,0.06967501204495771,16,16,0,,0,1,0,0
11:05:36,2023-06-30,1370,821,0.1401025201926009,16,16,0,,0,1,0,0
11:05:36,2023-06-30,307,1526,0.0643478133269042,16,16,0,,0,1,0,0
11:05:36,2023-06-30,1030,147,0.009164079290897926,16,16,0,,0,1,0,0
11:05:36,2023-06-30,321,405,0.01926034756155092,16,16,0,,0,1,0,0
11:05:37,2023-06-30,1082,1060,0.016052520778276107,16,16,0,,0,1,0,0
11:05:38,2023-06-30,515,941,0.051967283024390735,16,16,0,,0,1,0,0
11:05:39,2023-06-30,629,1186,0.09049917677235293,16,16,0,,0,1,0,0
11:05:39,2023-06-30,1221,696,0.017945989418457983,16,16,0,,0,1,0,0
11:05:40,2023-06-30,719,1051,0.11864389544294486,16,16,0,,0,1,0,0
11:05:45,2023-06-30,1122,1124,0.7496342747944311,16,16,0,,0,-1,1,0
11:05:46,2023-06-30,1014,700,0.07813164717226355,16,16,0,,0,1,0,0
11:05:48,2023-06-30,1357,700,0.08469262542234583,16,16,0,,0,1,0,0
11:05:50,2023-06-30,482,207,0.07316190341095953,16,16,0,,0,1,0,0
11:05:54,2023-06-30,1137,844,0.38614647724085444,16,16,0,,0,-1,1,0
11:05:58,2023-06-30,1109,923,0.10097787164599575,16,16,0,,0,1,0,0
11:05:59,2023-06-30,1305,503,0.0004040515337546505,16,16,0,,0,-1,1,0
11:05:59,2023-06-30,59,229,0.026890215246580203,16,16,0,,0,1,0,0
11:06:05,2023-06-30,1263,20,0.08918301655169626,16,12,0,,0,1,0,0
11:06:07,2023-06-30,949,1127,0.20891124780870587,16,16,0,,0,1,0,0
11:06:09,2023-06-30,38,274,0.0012397006440239052,16,16,0,,0,1,0,0
11:06:10,2023-06-30,609,330,0.07705799510375526,16,16,0,,0,1,0,0
11:06:13,2023-06-30,854,849,0.0633558983478939,16,16,0,,0,1,0,0
11:06:19,2023-06-30,1217,407,0.09534650797914893,16,16,0,,0,1,0,0
11:06:19,2023-06-30,602,1436,0.0826544756977612,16,16,0,,0,1,0,0
11:06:21,2023-06-30,447,151,0.12733364217510248,16,16,0,,0,1,0,0
11:06:21,2023-06-30,619,154,0.26979019054524556,16,16,0,,0,-1,1,0
11:06:23,2023-06-30,556,235,0.00941186495591153,16,16,0,,0,1,0,0
11:06:24,2023-06-30,370,518,0.06265553377473078,16,16,0,,0,1,0,0
11:06:26,2023-06-30,1228,1051,0.17578494315281964,16,16,0,,0,1,0,0
11:06:28,2023-06-30,1301,282,0.07307167081294678,16,16,0,,0,1,0,0
11:06:32,2023-06-30,491,1022,0.4898108603749017,16,16,0,,0,-1,1,0
11:06:32,2023-06-30,1132,1094,0.06544914015799844,16,16,0,,0,1,0,0
11:06:34,2023-06-30,1243,1207,0.0816039931979295,16,16,0,,0,1,0,0
11:06:34,2023-06-30,345,239,0.14911342289058133,16,16,0,,0,1,0,0
11:06:38,2023-06-30,949,1049,0.13332735215208608,16,16,0,,0,1,0,0
11:06:39,2023-06-30,1069,1062,0.11455935792491283,16,6,0,,0,1,0,0
11:06:39,2023-06-30,362,795,0.2620964778265297,16,16,0,,0,-1,1,0
11:06:41,2023-06-30,488,365,0.003263176308446685,16,16,0,,0,1,0,0
11:06:45,2023-06-30,909,496,0.07523043101447568,16,16,0,,0,1,0,0
11:06:46,2023-06-30,910,804,0.16388106236591418,16,16,0,,0,1,0,0
11:06:46,2023-06-30,236,1187,0.01905748511580472,16,16,0,,0,1,0,0
11:06:52,2023-06-30,973,21,0.03687372494967377,16,16,0,,0,1,0,0
11:06:53,2023-06-30,280,422,0.015184820431337561,16,16,0,,0,1,0,0
11:06:56,2023-06-30,1484,175,0.1538853242793524,16,16,0,,0,1,0,0
11:06:59,2023-06-30,1208,594,0.0764353773054847,16,16,0,,0,1,0,0
11:07:01,2023-06-30,1467,364,0.09335559843069936,16,16,0,,0,1,0,0
11:07:06,2023-06-30,225,1114,0.0022870938680320577,16,16,0,,0,1,0,0
11:07:07,2023-06-30,1391,1271,0.08804667792793516,16,16,0,,0,1,0,0
11:07:08,2023-06-30,674,453,0.03793656455279965,16,16,0,,0,1,0,0
11:07:09,2023-06-30,255,1107,0.00555696360742976,16,16,0,,0,1,0,0
11:07:11,2023-06-30,1374,986,0.11903134211914795,16,16,0,,0,1,0,0
11:07:11,2023-06-30,613,432,0.010737550443690805,16,16,0,,0,1,0,0
11:07:13,2023-06-30,387,1183,0.14528915686068306,16,16,0,,0,1,0,0
11:07:13,2023-06-30,600,615,0.035701859653941896,16,16,0,,0,1,0,0
11:07:15,2023-06-30,153,647,0.09392865909596718,16,16,0,,0,1,0,0
11:07:16,2023-06-30,1075,1289,0.10447609035668391,16,10,0,,0,1,0,1
11:07:17,2023-06-30,895,106,0.17200058026897552,16,11,0,,0,1,0,1
11:07:20,2023-06-30,1540,552,0.16750169363111034,16,16,0,,0,1,0,0
11:07:21,2023-06-30,32,918,0.10032255901192601,16,16,0,,0,1,0,0
11:07:23,2023-06-30,991,1551,0.4374475064459671,1,16,0,,0,-1,1,0
11:07:24,2023-06-30,80,1268,0.14374374662995407,16,16,0,,0,1,0,0
11:07:26,2023-06-30,763,1413,0.03525198386213798,16,16,0,,0,1,0,0
11:07:29,2023-06-30,1078,779,0.04561779144839538,16,16,0,,0,1,0,0
11:07:29,2023-06-30,962,1473,0.09033789083039862,16,16,0,,0,1,0,0
11:07:30,2023-06-30,559,710,0.110371200946966,16,16,0,,0,1,0,0
11:07:30,2023-06-30,555,65,0.06782852614125892,16,16,0,,0,1,0,0
11:07:32,2023-06-30,98,817,0.1385103846650408,16,16,0,,0,1,0,0
11:07:35,2023-06-30,1383,317,0.003659762092294432,16,16,0,,0,1,0,0
11:07:35,2023-06-30,741,1051,0.6254863195925348,16,16,0,,0,-1,1,0
11:07:35,2023-06-30,63,484,0.14922489425988095,16,16,0,,0,1,0,0
11:07:38,2023-06-30,641,524,0.11987934833271138,16,16,0,,0,1,0,0
11:07:38,2023-06-30,455,252,0.06127823163673309,16,16,0,,0,1,0,0
11:07:39,2023-06-30,555,65,0.06759786021310081,16,16,0,,0,1,0,0
11:07:42,2023-06-30,485,712,0.055000179564157245,16,16,0,,0,1,0,0
11:07:42,2023-06-30,1077,497,0.21589751636382964,16,16,0,,0,-1,1,0
11:07:43,2023-06-30,292,1424,0.02679380409692036,16,16,0,,0,1,0,0
11:07:43,2023-06-30,48,1257,0.0059576684257089015,16,16,0,,0,1,0,0
11:07:43,2023-06-30,669,18,0.0446230446332135,16,16,0,,0,1,0,0
11:07:47,2023-06-30,1016,500,0.13900003488307283,16,16,0,,0,1,0,0
11:07:56,2023-06-30,1300,863,0.02087243466213813,16,16,0,,0,1,0,0
11:07:56,2023-06-30,606,496,0.21337679601164194,16,16,0,,0,1,0,0
11:07:58,2023-06-30,881,285,0.15032107229793595,16,2,0,,0,1,0,0
11:07:59,2023-06-30,131,984,0.03967788635867187,16,16,0,,0,1,0,0
11:08:00,2023-06-30,1278,1418,0.013781516888491687,9,16,0,,0,1,0,0
11:08:01,2023-06-30,351,549,0.15460731378328035,1,16,0,,0,1,0,0
11:08:03,2023-06-30,791,1262,0.042659552407697914,16,16,0,,0,1,0,0
11:08:07,2023-06-30,835,1468,0.07679012914588859,16,16,0,,0,1,0,0
11:08:09,2023-06-30,1370,42,0.14259118930811934,16,16,0,,0,1,0,0
11:08:11,2023-06-30,355,1197,0.06211761362195579,16,16,0,,0,1,0,0
11:08:13,2023-06-30,713,961,0.011901435110211845,16,16,0,,0,1,0,0
11:08:21,2023-06-30,133,202,0.08693659814867422,16,16,0,,0,1,0,0
11:08:21,2023-06-30,1290,1196,0.15550873872462595,16,12,0,,0,1,0,0
11:08:23,2023-06-30,368,1162,0.1393904421152735,0,16,0,,0,1,0,0
11:08:27,2023-06-30,233,20,0.11045512627350568,16,12,0,,0,1,0,0
11:08:29,2023-06-30,1118,710,0.16529093061988506,16,16,0,,0,1,0,0
11:08:32,2023-06-30,179,1252,0.082615087431011,16,16,0,,1,1,0,0
11:08:35,2023-06-30,215,524,0.24188463331132656,16,16,0,,0,-1,1,0
11:08:35,2023-06-30,864,475,0.0244400333590301,16,16,0,,0,1,0,0
11:08:42,2023-06-30,900,202,0.06696983618213906,16,16,0,,0,1,0,0
11:08:42,2023-06-30,406,988,0.14645201176859626,16,8,0,,0,1,0,0
11:08:45,2023-06-30,1056,580,0.005187537706864024,16,16,0,,0,1,0,0
11:08:46,2023-06-30,168,1169,0.0029991719453594636,16,16,0,,0,1,0,0
11:08:46,2023-06-30,883,1463,0.01063097042777846,16,16,0,,0,1,0,0
11:08:47,2023-06-30,835,1387,0.07830889437263952,16,16,0,,0,1,0,0
11:08:48,2023-06-30,1312,442,0.02256844708926501,16,16,0,,0,1,0,0
11:08:49,2023-06-30,1444,1360,0.03400159947255764,16,16,0,,0,1,0,0
11:08:52,2023-06-30,675,1002,0.06960666181736175,16,16,0,,0,1,0,0
11:08:55,2023-06-30,981,195,0.16664107287460075,16,16,0,,0,1,0,0
11:08:56,2023-06-30,886,1416,0.005142871927248585,16,16,0,,0,1,0,0
11:09:07,2023-06-30,409,448,0.059857679637205743,16,16,0,,0,1,0,0
11:09:09,2023-06-30,1514,610,0.017127974924348137,16,16,0,,0,1,0,0
11:09:09,2023-06-30,1098,1121,0.018034291219081015,16,16,0,,0,1,0,0
11:09:11,2023-06-30,464,778,0.009646778638327023,16,16,0,,0,1,0,0
11:09:16,2023-06-30,704,157,0.03185197837867339,16,16,0,,0,1,0,0
11:09:18,2023-06-30,678,241,0.16611550982511994,16,16,0,,0,1,0,0
11:09:20,2023-06-30,1106,1083,0.022710811216800096,16,16,0,,0,1,0,0
11:09:22,2023-06-30,707,1153,0.0025445335199942437,16,16,0,,0,1,0,0
11:09:24,2023-06-30,254,777,0.045405661175178545,16,16,0,,0,1,0,0
11:09:24,2023-06-30,561,785,0.013330611338079919,16,16,0,,0,1,0,0
11:09:29,2023-06-30,1415,468,0.2062993938197235,16,16,0,,0,1,0,0
11:09:29,2023-06-30,782,1247,0.06343943751495563,16,16,0,,0,1,0,0
11:09:30,2023-06-30,720,1466,0.002310520876360617,16,16,0,,0,1,0,0
11:09:34,2023-06-30,1075,1342,0.07125337455113787,16,16,0,,0,1,0,0
11:09:39,2023-06-30,355,1120,0.08867804867437243,16,16,0,,0,1,0,0
11:09:39,2023-06-30,1437,202,0.10608444458231768,0,16,0,,0,1,0,0
11:09:41,2023-06-30,1157,319,0.026795348734832136,16,16,0,,0,1,0,0
11:09:42,2023-06-30,617,1443,0.0402768197089619,16,16,0,,0,1,0,0
11:09:42,2023-06-30,1503,202,0.08384410432947846,12,16,0,,0,1,0,0
11:09:42,2023-06-30,1242,846,0.28877572127832685,16,16,0,,0,-1,1,0
11:09:44,2023-06-30,355,108,0.15204115533252127,16,16,0,,0,1,0,0
11:09:44,2023-06-30,1314,1053,0.04266933511447247,16,16,0,,0,1,0,0
11:09:45,2023-06-30,1155,969,0.20694209191084711,16,16,0,,0,1,0,0
11:09:47,2023-06-30,1195,374,0.13267615855244774,16,16,0,,0,1,0,0
11:09:50,2023-06-30,628,1356,0.08242252257134328,16,16,0,,0,1,0,0
11:09:53,2023-06-30,58,1013,0.19240769276019198,16,16,0,,0,1,0,0
11:09:57,2023-06-30,449,1176,0.01285833829655529,16,16,0,,0,1,0,0
11:09:59,2023-06-30,427,88,0.06574326496036523,16,16,0,,0,1,0,0
11:10:00,2023-06-30,279,1239,0.05827661401467998,16,16,0,,0,1,0,0
11:10:01,2023-06-30,1075,201,0.19685419042888289,16,0,0,,0,1,0,0
11:10:03,2023-06-30,355,638,0.13422504421847822,16,16,0,,0,1,0,0
11:10:06,2023-06-30,68,804,0.13782302079430173,16,16,0,,0,1,0,0
11:10:09,2023-06-30,662,1080,0.3261971490875502,12,16,0,,0,-1,1,0
11:10:11,2023-06-30,1230,1501,0.001902350308174571,16,16,0,,0,1,0,0
11:10:11,2023-06-30,1450,74,0.07287974955240897,16,1,0,,0,1,0,0
11:10:12,2023-06-30,1199,65,0.0742731416686543,16,16,0,,0,1,0,0
11:10:13,2023-06-30,1375,1294,0.013026317669460616,16,1,0,,0,1,0,0
11:10:14,2023-06-30,677,933,0.011080974939408359,16,16,0,,0,1,0,0
11:10:14,2023-06-30,1474,943,0.018443105386396964,15,16,0,,0,1,0,1
11:10:16,2023-06-30,1045,1399,0.11653430621494074,16,4,0,,0,1,0,0
11:10:17,2023-06-30,486,358,0.1365462488403953,16,16,0,,0,1,0,0
11:10:17,2023-06-30,1370,1499,0.08631758450553115,16,16,0,,0,1,0,0
11:10:18,2023-06-30,775,818,0.019336163539053784,16,16,0,,0,1,0,0
11:10:18,2023-06-30,955,124,0.05892471833849479,16,16,0,,0,1,0,0
11:10:19,2023-06-30,1366,1306,0.02123787024809845,16,16,0,,0,1,0,0
11:10:20,2023-06-30,599,219,0.20849380941304918,16,16,0,,0,1,0,0
11:10:20,2023-06-30,1004,1543,0.0036758520705420686,16,16,0,,0,1,0,0
11:10:26,2023-06-30,1450,825,0.1256499868512698,16,16,0,,0,1,0,0
11:10:27,2023-06-30,313,371,0.18104327676397328,16,16,0,,0,1,0,0
11:10:29,2023-06-30,1273,360,0.0025029570162023503,16,16,0,,0,1,0,0
11:10:31,2023-06-30,1293,731,0.32265606667481034,16,6,0,,0,-1,1,0
11:10:32,2023-06-30,1023,1553,0.21336186451182815,16,16,0,,0,1,0,0
11:10:33,2023-06-30,179,1261,0.10592238632140748,16,16,0,,1,1,0,0
11:10:33,2023-06-30,1502,1271,0.08368011527117855,16,16,0,,0,1,0,0
11:10:36,2023-06-30,538,608,0.003550736399688446,16,16,0,,0,1,0,0
11:10:37,2023-06-30,1533,375,0.16304875997112042,16,16,0,,0,1,0,0
11:10:41,2023-06-30,1061,594,0.14145742508087789,16,16,0,,0,1,0,0
11:10:41,2023-06-30,1457,921,0.14510470135005216,16,16,0,,0,1,0,0
11:10:43,2023-06-30,384,213,0.05601474923254021,16,16,0,,0,1,0,0
11:10:44,2023-06-30,865,55,0.0421455741425554,16,16,0,,0,1,0,0
11:10:44,2023-06-30,1502,1271,0.08499498829357541,16,16,0,,0,1,0,0
11:10:44,2023-06-30,388,1554,0.08260581960354035,16,16,0,,0,1,0,0
11:10:47,2023-06-30,1254,489,0.0015810656225257636,16,16,0,,0,1,0,0
11:10:49,2023-06-30,304,1148,0.08585367825269528,16,16,0,,0,1,0,0
11:10:50,2023-06-30,256,348,0.03247202178042431,16,16,0,,0,1,0,0
11:10:51,2023-06-30,216,568,0.005421164191019707,16,16,0,,0,1,0,0
11:10:52,2023-06-30,345,1532,0.24847547456103644,16,16,0,,0,-1,1,0
11:10:56,2023-06-30,870,29,0.0008898401570072949,16,16,0,,0,1,0,0
11:10:58,2023-06-30,287,753,0.08667555434158457,16,16,0,,0,1,0,0
11:11:00,2023-06-30,158,710,0.14199019644061361,14,16,0,,0,1,0,0
11:11:00,2023-06-30,1071,539,0.0006448863281652752,16,16,0,,0,-1,1,0
11:11:01,2023-06-30,1213,71,0.020268481238634842,16,16,0,,0,1,0,0
11:11:08,2023-06-30,1367,524,0.09320061976021812,16,16,0,,0,1,0,0
11:11:12,2023-06-30,1200,520,0.04099636353619621,16,16,0,,0,1,0,0
11:11:12,2023-06-30,972,73,0.0164283826701409,16,16,0,,0,1,0,0
11:11:13,2023-06-30,486,146,0.0936215335911763,16,11,0,,0,1,0,1
11:11:15,2023-06-30,912,586,0.16823076272546725,16,16,0,,0,1,0,0
11:11:18,2023-06-30,221,1459,0.08192656508183813,16,16,0,,0,1,0,0
11:11:18,2023-06-30,991,194,0.060305109752316025,1,16,0,,0,1,0,0
11:11:21,2023-06-30,1377,20,0.21188364603026127,16,12,0,,0,1,0,0
11:11:21,2023-06-30,303,1268,0.2586129331760034,16,16,0,,0,-1,1,0
11:11:21,2023-06-30,264,1206,0.05550231560530949,16,16,0,,0,1,0,0
11:11:22,2023-06-30,1529,1328,0.021442019892104466,16,16,0,,0,1,0,0
11:11:29,2023-06-30,345,673,0.11405477620706693,16,16,0,,0,1,0,0
11:11:30,2023-06-30,881,155,0.29168375958689174,16,16,0,,0,-1,1,0
11:11:32,2023-06-30,1536,472,0.0012787027512961764,16,16,0,,0,1,0,0
11:11:36,2023-06-30,1075,1342,0.07098473627431533,16,16,0,,0,1,0,0
11:11:38,2023-06-30,103,913,0.016743746243794575,16,16,0,,0,1,0,0
11:11:39,2023-06-30,1333,174,0.008041899847994758,16,16,0,,0,1,0,0
11:11:39,2023-06-30,784,1364,0.03486453718593489,16,16,0,,0,1,0,0
11:11:40,2023-06-30,271,1009,0.06845088649987752,16,16,0,,0,1,0,0
11:11:44,2023-06-30,438,1057,0.04178181191433284,15,16,0,,0,1,0,1
11:11:44,2023-06-30,1258,746,0.10892220186589684,16,16,0,,0,1,0,0
11:11:45,2023-06-30,476,650,0.10656006433931779,16,16,0,,0,1,0,0
11:11:47,2023-06-30,1462,577,0.0021429276629332337,16,16,0,,0,1,0,0
11:11:51,2023-06-30,91,728,0.07570064453878463,16,16,0,,0,1,0,0
11:11:53,2023-06-30,596,1473,0.09583319764118343,16,16,0,,0,1,0,0
11:11:56,2023-06-30,1270,761,0.1528764182833126,16,16,0,,0,1,0,0
11:11:56,2023-06-30,1125,1162,0.14210694532277848,16,16,0,,0,1,0,0
11:12:08,2023-06-30,1070,396,0.020529396325898515,16,16,0,,0,1,0,0
11:12:09,2023-06-30,551,1268,0.07218736560845668,16,16,0,,0,1,0,0
11:12:12,2023-06-30,970,1307,0.014391391423990107,16,16,0,,0,1,0,0
11:12:13,2023-06-30,895,122,0.123251936493242,16,16,0,,0,1,0,0
11:12:13,2023-06-30,521,945,0.0796922463424583,16,16,0,,0,1,0,0
11:12:15,2023-06-30,206,1272,0.10344247015405575,16,16,0,,0,1,0,0
11:12:17,2023-06-30,23,926,0.008772127420785496,16,16,0,,0,1,0,0
11:12:17,2023-06-30,1199,65,0.07413270833850893,16,16,0,,0,1,0,0
11:12:19,2023-06-30,84,524,0.061188642637850246,16,16,0,,0,1,0,0
11:12:19,2023-06-30,153,786,0.11531314122585809,16,16,0,,0,1,0,0
11:12:20,2023-06-30,1100,1131,0.08655880545941973,16,16,0,,0,1,0,0
11:12:22,2023-06-30,995,637,0.005418203635022142,16,16,0,,0,1,0,0
11:12:23,2023-06-30,985,1439,0.09633520496250969,16,16,0,,0,1,0,0
11:12:25,2023-06-30,1043,1471,0.09161594998256489,16,11,0,,0,1,0,1
11:12:25,2023-06-30,1506,612,0.012312051355091532,16,16,0,,0,1,0,0
11:12:27,2023-06-30,345,882,0.0703667523897801,16,16,0,,0,1,0,0
11:12:31,2023-06-30,1535,722,0.24296085977635443,16,16,0,,0,-1,1,0
11:12:32,2023-06-30,502,753,0.06382611187220283,16,16,0,,0,1,0,0
11:12:32,2023-06-30,1495,1247,0.06324120898294475,16,16,0,,0,1,0,0
11:12:35,2023-06-30,1425,1129,0.07321802525508729,16,16,0,,0,1,0,0
11:12:37,2023-06-30,308,175,0.4843360200164478,16,16,0,,0,-1,1,0
11:12:38,2023-06-30,1411,9,0.01630159364154952,16,16,0,,0,1,0,0
11:12:39,2023-06-30,188,1382,0.09299544035760426,16,16,0,,0,1,0,0
11:12:40,2023-06-30,1465,804,0.08976148344965529,16,16,0,,0,1,0,0
11:12:41,2023-06-30,1508,1332,0.0011221794429031673,5,16,0,,0,1,0,0
11:12:45,2023-06-30,1407,175,0.15158162555376878,16,16,0,,0,1,0,0
11:12:47,2023-06-30,1417,616,0.05605787037424388,16,16,0,,0,1,0,0
11:12:49,2023-06-30,1520,809,0.11354697649357154,16,16,0,,0,1,0,0
11:12:51,2023-06-30,1269,1365,0.2021852507417158,16,16,0,,0,1,0,0
11:12:53,2023-06-30,963,400,0.016079423221906156,16,16,0,,0,1,0,0
11:12:57,2023-06-30,906,1097,0.10758518903343124,16,16,0,,0,1,0,0
11:13:00,2023-06-30,522,836,0.04067855428584889,16,16,0,,0,1,0,0
11:13:03,2023-06-30,1367,524,0.09331621016394914,16,16,0,,0,1,0,0
11:13:05,2023-06-30,1259,855,0.016806947678351294,16,16,0,,0,1,0,0
11:13:06,2023-06-30,1485,125,0.1199168058020719,16,16,0,,0,1,0,0
11:13:08,2023-06-30,1456,625,0.4216181858459422,16,16,0,,0,-1,1,0
11:13:13,2023-06-30,481,1339,0.00024469638919005754,16,16,0,,0,-1,1,0
11:13:19,2023-06-30,1189,804,0.056750769197500106,16,16,0,,0,1,0,0
11:13:20,2023-06-30,944,1298,0.011618251493053441,16,16,0,,0,1,0,0
11:13:23,2023-06-30,516,927,0.018501930346870324,16,16,0,,0,1,0,0
11:13:24,2023-06-30,1355,776,0.022909812067766867,16,16,0,,0,1,0,0
11:13:27,2023-06-30,246,1041,0.07458412876822462,16,16,0,,0,1,0,0
11:13:29,2023-06-30,649,531,0.014774976505413762,16,16,0,,0,1,0,0
11:13:31,2023-06-30,1285,684,0.16658353511238722,16,16,0,,0,1,0,0
11:13:32,2023-06-30,171,495,0.029962757492748886,16,16,0,,0,1,0,0
11:13:38,2023-06-30,102,382,0.10829662351162875,16,16,0,,0,1,0,0
11:13:45,2023-06-30,1472,175,0.0821704891520723,16,16,0,,0,1,0,0
11:13:48,2023-06-30,1212,500,0.06676040902526782,16,16,0,,0,1,0,0
11:13:53,2023-06-30,754,344,0.05047786591796351,16,16,0,,0,1,0,0
11:13:54,2023-06-30,1458,999,0.13878687485124816,16,16,0,,0,1,0,0
11:13:54,2023-06-30,300,338,0.025288940611375404,16,0,0,,0,1,0,0
11:13:58,2023-06-30,162,1451,0.002381702940128161,16,16,0,,0,1,0,0
11:13:58,2023-06-30,237,1142,0.24973963197199675,15,16,0,,0,-1,1,1
11:13:58,2023-06-30,1111,1175,0.0014648316196648366,16,16,0,,0,1,0,0
11:14:02,2023-06-30,185,121,0.15763068505592426,16,16,0,,0,1,0,0
11:14:03,2023-06-30,315,1390,0.008563343863044165,16,16,0,,0,1,0,0
11:14:09,2023-06-30,1075,227,0.29895501383673767,16,16,0,,0,-1,1,0
11:14:12,2023-06-30,1454,186,0.04263702643815122,16,16,0,,0,1,0,0
11:14:15,2023-06-30,689,192,0.30851696610974316,16,16,0,,0,-1,1,0
11:14:15,2023-06-30,740,562,0.05552252461798852,16,16,0,,0,1,0,0
11:14:16,2023-06-30,807,375,0.15832319771970255,16,16,0,,0,1,0,0
11:14:21,2023-06-30,486,354,0.07167016934766465,16,16,0,,0,1,0,0
11:14:22,2023-06-30,1450,762,0.1613822243841432,16,16,0,,0,1,0,0
11:14:23,2023-06-30,156,1164,0.1138100798178769,13,16,0,,0,1,0,0
11:14:23,2023-06-30,960,533,0.07063809378294825,16,16,0,,0,1,0,0
11:14:28,2023-06-30,992,693,0.15909680387384892,16,16,0,,0,1,0,0
11:14:29,2023-06-30,179,284,0.09917540792278251,16,16,0,,1,1,0,0
11:14:29,2023-06-30,1406,296,0.05494688955620106,16,16,0,,0,1,0,0
11:14:29,2023-06-30,1541,398,0.009929833535659446,16,16,0,,0,1,0,0
11:14:34,2023-06-30,95,620,0.007104304635548477,16,16,0,,0,1,0,0
11:14:35,2023-06-30,140,269,0.044451847264658645,16,16,0,,0,1,0,0
11:14:36,2023-06-30,837,765,0.06100547432547915,16,16,0,,0,1,0,0
11:14:36,2023-06-30,281,1350,0.19940580353930606,16,16,0,,0,-1,1,0
11:14:41,2023-06-30,1244,195,0.11216761483835815,16,16,0,,0,1,0,0
11:14:41,2023-06-30,1219,65,0.23581549351631803,16,16,0,,0,-1,1,0
11:14:42,2023-06-30,238,1054,0.3080660605593314,16,16,0,,0,-1,1,0
11:14:42,2023-06-30,1228,1051,0.17502935777431064,16,16,0,,0,1,0,0
11:14:43,2023-06-30,414,289,0.005056243484363309,16,16,0,,0,1,0,0
11:14:43,2023-06-30,991,1452,0.0978220476724173,1,16,0,,0,1,0,0
11:14:46,2023-06-30,1531,1087,0.14546228502662764,16,16,0,,0,1,0,0
11:14:46,2023-06-30,1312,1072,0.029744577387710934,16,16,0,,0,1,0,0
11:14:46,2023-06-30,232,567,0.01818708165252057,16,14,0,,0,1,0,0
11:14:47,2023-06-30,286,622,0.0111753265718525,16,16,0,,0,1,0,0
11:14:48,2023-06-30,1398,874,0.007088214657300841,16,16,0,,0,1,0,0
11:14:50,2023-06-30,1166,700,0.11091903252634154,16,16,0,,0,1,0,0
11:14:52,2023-06-30,498,914,0.02546824732896707,16,16,0,,0,1,0,0
11:14:53,2023-06-30,866,1202,0.3015753633342348,16,16,0,,0,-1,1,0
11:14:56,2023-06-30,1293,659,0.09953440751744377,16,16,0,,0,1,0,0
11:14:57,2023-06-30,729,771,0.06347715242396809,16,16,0,,0,1,0,0
11:15:00,2023-06-30,1241,1131,0.06483720610528432,16,16,0,,0,1,0,0
11:15:00,2023-06-30,50,725,0.0556172624099106,16,16,0,,0,1,0,0
11:15:02,2023-06-30,39,717,0.05058973271719136,16,16,1,Scatter-Gather,0,1,0,0
11:15:04,2023-06-30,631,1277,0.004785416970499089,16,16,0,,0,1,0,0
11:15:04,2023-06-30,1525,395,0.01462038399441047,16,16,0,,0,1,0,0
11:15:05,2023-06-30,541,759,0.15380114151316077,16,16,0,,0,1,0,0
11:15:05,2023-06-30,684,899,0.19297560463242058,16,16,0,,0,1,0,0
11:15:05,2023-06-30,1113,988,0.08762666513575885,16,8,0,,0,1,0,0
11:15:06,2023-06-30,675,942,0.12542369739719503,16,16,0,,0,1,0,0
11:15:08,2023-06-30,802,552,0.058652347186718794,16,16,0,,0,1,0,0
11:15:10,2023-06-30,153,1395,0.08678136203854103,16,16,0,,0,1,0,0
11:15:10,2023-06-30,251,1007,0.029877802407601364,16,16,0,,0,1,0,0
11:15:16,2023-06-30,675,369,0.16058390402340847,16,16,0,,0,1,0,0
11:15:18,2023-06-30,671,1313,0.0492395811920254,16,0,0,,0,1,0,0
11:15:19,2023-06-30,34,297,0.19692794688917004,16,16,0,,0,1,0,0
11:15:22,2023-06-30,238,291,0.20734871784112135,16,4,0,,0,1,0,0
11:15:22,2023-06-30,1238,1402,0.080715568959008,16,16,0,,0,1,0,0
11:15:25,2023-06-30,553,601,0.06338589006734749,16,16,0,,0,1,0,0
11:15:35,2023-06-30,298,574,0.044362258265775806,16,2,0,,0,1,0,0
11:15:38,2023-06-30,345,841,0.41166054882787084,16,16,0,,0,-1,1,0
11:15:39,2023-06-30,930,437,0.006779415794772199,16,16,0,,0,1,0,0
11:15:42,2023-06-30,12,950,0.006525580297937483,16,16,0,,0,1,0,0
11:15:42,2023-06-30,971,853,0.9999999999999999,16,16,0,,0,-1,1,0
11:15:42,2023-06-30,1139,594,0.09261275631496248,16,16,0,,0,1,0,0
11:15:43,2023-06-30,1248,434,0.13665887868812873,16,16,0,,0,1,0,0
11:15:44,2023-06-30,91,1003,0.137235800948176,16,16,0,,0,1,0,0
11:15:47,2023-06-30,702,974,0.014900478335745327,16,16,0,,0,1,0,0
11:15:49,2023-06-30,705,20,0.21825257429997977,16,12,0,,0,-1,1,0
11:15:49,2023-06-30,1194,1482,0.002357503612843716,16,16,0,,0,1,0,0
11:15:50,2023-06-30,129,1092,0.1416806252591291,16,16,0,,0,1,0,0
11:04:31,2023-06-30,460,293,0.06419991424685192,16,16,1,Cycle,1,1,0,0
10:49:05,2023-06-30,293,179,0.06419991424685192,16,16,1,Cycle,1,1,0,0
10:43:57,2023-06-30,179,1412,0.06419991424685192,16,16,1,Cycle,1,1,0,0
11:03:48,2023-06-30,1412,51,0.06419991424685192,16,16,1,Cycle,1,1,0,0
10:55:36,2023-06-30,51,460,0.06419991424685192,16,16,1,Cycle,1,1,0,0
11:09:18,2023-06-30,460,426,0.07272116672680028,16,16,1,Smurfing,1,1,0,0
11:07:42,2023-06-30,460,425,0.06168987764022062,16,16,1,Smurfing,1,1,0,0
11:01:00,2023-06-30,460,664,0.05458454324606429,16,16,1,Smurfing,1,1,0,0
10:54:17,2023-06-30,460,1491,0.052357690256591385,16,16,1,Smurfing,1,1,0,0
10:55:36,2023-06-30,460,1090,0.05244779413477815,16,16,1,Smurfing,1,1,0,0
10:50:22,2023-06-30,426,959,0.05937292077256095,16,16,1,Smurfing,0,1,0,0
11:11:18,2023-06-30,425,803,0.07519258738563725,16,16,1,Smurfing,0,1,0,0
10:48:08,2023-06-30,664,843,0.06995369046820678,16,16,1,Smurfing,0,1,0,0
11:15:02,2023-06-30,1491,1489,0.057609459156619976,16,16,1,Smurfing,0,1,0,0
11:08:56,2023-06-30,1090,1413,0.069155627547124,16,16,1,Smurfing,0,1,0,0
11:15:04,2023-06-30,470,771,0.37597220475565696,16,10,1,Location_Based_Fraud,0,-1,1,1
10:51:57,2023-06-30,1195,180,0.2582450519133494,16,11,1,Location_Based_Fraud,0,-1,1,1
11:10:17,2023-06-30,993,121,0.2810799490423953,16,15,1,Location_Based_Fraud,0,-1,1,1
10:50:20,2023-06-30,597,1385,0.3573464459361928,16,15,1,Location_Based_Fraud,0,-1,1,1
11:06:05,2023-06-30,1190,227,0.37114521128136596,16,11,1,Location_Based_Fraud,0,-1,1,1
