Time,Date,Sender_account,Receiver_account,Amount,Sender_bank_location,Receiver_bank_location,Is_laundering,Laundering_type
10:43:37,2023-06-30,1773228424,878329524,1128.69,UK,UK,0,None
10:43:46,2023-06-30,5711206230,435152581,9767.1,UK,UK,0,None
10:43:49,2023-06-30,2834045289,119560943,5093.13,UK,UK,0,None
10:43:50,2023-06-30,9322334070,3031902224,1575.59,UK,Nigeria,0,None
10:43:50,2023-06-30,7653410332,5721025281,73427.51,UK,UK,0,None
10:43:56,2023-06-30,8202539172,6564889690,6277.67,UK,UK,0,None
10:43:57,2023-06-30,675831947,854639683,7849.28,UK,UK,0,None
10:43:57,2023-06-30,3703200360,5352625530,13083.36,UK,UK,0,None
10:44:04,2023-06-30,951724441,5259620654,368.18,UAE,UK,0,None
10:44:08,2023-06-30,8049290582,1328852681,11886.22,UK,UK,0,None
10:44:09,2023-06-30,9506591992,243740966,7601.34,UK,UK,0,None
10:44:12,2023-06-30,8779641997,4256293032,7145.29,UK,UK,0,None
10:44:15,2023-06-30,9674609754,5354961162,8934.99,UK,UK,0,None
10:44:15,2023-06-30,7402228597,3607321490,5612.1,UK,UK,0,None
10:44:16,2023-06-30,8213485327,435152581,12618.48,Spain,UK,0,None
10:44:17,2023-06-30,1175269473,8184159259,7133.78,UK,UK,0,None
10:44:21,2023-06-30,2187157384,9709777026,371.43,UK,UK,0,None
10:44:21,2023-06-30,2286026279,374169181,15582.84,UK,UK,0,None
10:44:28,2023-06-30,8756434409,39138915,21173.3,UK,UK,0,None
10:44:28,2023-06-30,8679821228,5444616698,11456.83,UK,UK,0,None
10:44:29,2023-06-30,2321194881,7794959746,13928.64,UK,UK,0,None
10:44:30,2023-06-30,151938404,9076867591,2928.38,UK,UK,0,None
10:44:31,2023-06-30,9764103125,4714420464,11506.84,UK,UK,0,None
10:44:31,2023-06-30,5681652880,5316774430,6248.35,UK,UK,0,None
10:44:32,2023-06-30,6221808917,3193458522,15483.24,UK,UK,0,None
10:44:36,2023-06-30,3554554679,3939778240,7808.96,UK,UK,0,None
10:44:37,2023-06-30,6482876905,9784272687,11743.78,UK,UK,0,None
10:44:37,2023-06-30,3190416155,1318382937,5676.82,UK,UK,0,None
10:44:38,2023-06-30,7461775522,4924267020,8076.1,UK,UK,0,None
10:44:38,2023-06-30,5472729968,3193458522,4724.12,UK,UK,0,None
10:44:39,2023-06-30,8533981991,4385644085,1444.15,UK,UK,0,None
10:44:44,2023-06-30,1646018602,6482956509,2279.62,UK,UK,0,None
10:44:47,2023-06-30,448328324,749644330,17593.25,UK,UK,0,None
10:44:47,2023-06-30,3591585136,8628517323,4873.74,UK,UK,0,None
10:44:48,2023-06-30,9845675342,3380189223,574.18,UK,UK,0,None
10:44:52,2023-06-30,4566560287,2723802415,8899.65,UK,UK,0,None
10:44:52,2023-06-30,8601029625,5782689214,2290.32,UK,UK,0,None
10:44:53,2023-06-30,4289815025,9035303198,10651.75,UK,UK,0,None
10:44:55,2023-06-30,7974969306,5316774430,8802.49,UK,UK,0,None
10:44:57,2023-06-30,9764103125,4714420464,11511.47,UK,UK,0,None
10:44:59,2023-06-30,7383742011,3941723532,7237.2,UK,UK,0,None
10:45:00,2023-06-30,2320560721,5133373461,19692.86,UK,UK,0,None
10:45:00,2023-06-30,9336087137,9035303198,13726.39,UK,UK,0,None
10:45:06,2023-06-30,6179186955,5623490261,8301.93,UK,UK,0,None
10:45:07,2023-06-30,3607939447,1065867034,9582.14,UK,UK,0,None
10:45:09,2023-06-30,5426617987,3193458522,5299.74,UK,UK,0,None
10:45:13,2023-06-30,6021764802,2244724905,1854.88,UK,UK,0,None
10:45:15,2023-06-30,7641903522,6759810870,174.84,UK,UK,0,None
10:45:16,2023-06-30,1540165261,6508401013,12156.37,UK,UK,0,None
10:45:16,2023-06-30,2766513361,1639889188,841.0,UK,UK,0,None
10:45:16,2023-06-30,8821450419,8979977493,5940.33,UK,UK,0,None
10:45:18,2023-06-30,8283870018,1028873785,1370.02,UK,UK,0,None
10:45:22,2023-06-30,4566560287,2723802415,8828.89,UK,UK,0,None
10:45:22,2023-06-30,8517531999,5901930134,12132.56,UK,UK,0,None
10:45:28,2023-06-30,1030692910,5237652566,5418.51,UK,UK,0,None
10:45:33,2023-06-30,6770990353,543664758,64043.44,UK,UK,0,None
10:45:39,2023-06-30,6147939275,3451553603,8528.86,UK,UK,0,None
10:45:41,2023-06-30,1540165261,6508401013,12128.78,UK,UK,0,None
10:45:44,2023-06-30,2320560721,7287523124,6666.05,UK,UK,0,None
10:45:45,2023-06-30,248473309,7722406134,8409.78,UK,UK,0,None
10:45:47,2023-06-30,8756434409,8027786953,9805.02,UK,UK,0,None
10:45:51,2023-06-30,1339145817,9784272687,43755.62,UK,UK,0,None
10:45:51,2023-06-30,8688034408,441257516,2006.92,UK,UK,0,None
10:45:56,2023-06-30,947260376,2437423674,1417.02,UK,UK,0,None
10:45:57,2023-06-30,7461775522,9633936145,6196.14,UK,UK,0,None
10:45:58,2023-06-30,4377733055,9412019441,1211.47,UK,UK,0,None
10:45:59,2023-06-30,1317735458,66221636,12853.16,UK,UK,0,None
10:46:06,2023-06-30,5007881669,4864399864,4249.89,UK,UK,0,None
10:46:08,2023-06-30,6686279089,4620162257,7089.47,UK,UK,0,None
10:46:13,2023-06-30,6395805433,2759506949,6580.79,UK,UK,0,None
10:46:15,2023-06-30,4935580643,1439240302,3600.5,UK,UK,0,None
10:46:17,2023-06-30,2103483168,8646252378,8326.52,UK,UK,0,None
10:46:18,2023-06-30,8988795957,854639683,8066.48,UK,UK,0,None
10:46:19,2023-06-30,6550109060,3475332993,5227.92,Austria,UK,0,None
10:46:24,2023-06-30,7665277514,7995465543,12504.37,UK,UK,0,None
10:46:29,2023-06-30,4123588389,7388726859,287.14,UK,Turkey,0,None
10:46:32,2023-06-30,299973224,5989526010,718.76,UK,UK,0,None
10:46:33,2023-06-30,3432416988,4944386732,1169.19,UK,UK,0,None
10:46:39,2023-06-30,1030692910,8548612500,12356.78,UK,UK,0,None
10:46:40,2023-06-30,9810432463,9612168648,1692.57,UK,UK,0,None
10:46:41,2023-06-30,4541002515,1750405031,5298.7,UK,UK,0,None
10:46:41,2023-06-30,3500120954,4419704477,604.0,UK,UK,0,None
10:46:42,2023-06-30,8658367029,1288036947,531.57,UK,UK,0,None
10:46:45,2023-06-30,916445646,8859725419,14308.5,UK,UK,0,None
10:46:47,2023-06-30,6142315221,674646344,2972.6,UK,UK,0,None
10:46:48,2023-06-30,3607939447,1134682567,12136.21,UK,UK,0,None
10:46:51,2023-06-30,224895015,5713876055,7315.42,UK,UK,0,None
10:46:52,2023-06-30,4111999698,2698197571,4533.02,UK,UK,0,None
10:46:53,2023-06-30,5053764789,5316774430,9775.4,UK,UK,0,None
10:46:54,2023-06-30,3554837151,1237342497,603.92,UK,UK,0,None
10:46:56,2023-06-30,9433178054,8656735495,2998.28,UK,UK,0,None
10:46:56,2023-06-30,7282450029,854639683,9425.43,UK,UK,0,None
10:46:58,2023-06-30,8299960671,1804970468,7829.03,UK,UK,0,None
10:46:58,2023-06-30,5861833454,6037517306,7509.41,UK,UK,0,None
10:46:59,2023-06-30,8207958457,9643531301,790.97,UK,UK,0,None
10:47:01,2023-06-30,8235808958,8183297840,1417.34,UK,UK,0,None
10:47:02,2023-06-30,4234380064,5663666779,6685.17,UK,UK,0,None
10:47:02,2023-06-30,5380800410,8062301122,9976.67,UK,UK,0,None
10:47:08,2023-06-30,3198423390,7522214730,14074.17,UK,UK,0,None
10:47:11,2023-06-30,8991672085,2127915603,3486.22,UK,UK,0,None
10:47:11,2023-06-30,3409116923,8457691342,9319.72,UK,UK,0,None
10:47:14,2023-06-30,5327905534,7134696391,20352.81,UK,UK,0,None
10:47:15,2023-06-30,5872542769,5826357202,1338.81,UK,UK,0,None
10:47:16,2023-06-30,4472002818,280963241,4565.14,UK,UK,0,None
10:47:22,2023-06-30,9096405654,163726511,1106.87,UK,UK,0,None
10:47:23,2023-06-30,2752757423,1059619681,53528.37,UK,UK,0,None
10:47:25,2023-06-30,822138670,3738908170,935.02,UK,UK,0,None
10:47:28,2023-06-30,7159623557,792539551,1275.74,UK,UK,0,None
10:47:30,2023-06-30,2898498997,8460169591,1078.74,UK,UK,0,None
10:47:31,2023-06-30,1222599502,4404897324,3238.01,UK,UK,0,None
10:47:32,2023-06-30,1961521114,3827474729,3502.24,UK,France,0,None
10:47:36,2023-06-30,5792373404,9236192214,25420.22,UK,UK,0,None
10:47:37,2023-06-30,1268868000,3335340168,461.61,UK,UK,0,None
10:47:37,2023-06-30,8933692334,9245702646,233.21,UK,UK,0,None
10:47:38,2023-06-30,422504020,924046488,318.79,UK,UK,0,None
10:47:38,2023-06-30,6318969134,1496970486,10259.89,Morocco,UK,0,None
10:47:38,2023-06-30,5797852441,651992464,2148.12,UK,UK,0,None
10:47:40,2023-06-30,7610000879,9975886865,1171.53,UK,UK,0,None
10:47:40,2023-06-30,8752931310,3619160166,12013.86,UK,UK,0,None
10:47:41,2023-06-30,8335225856,5847046343,1310.16,UK,UK,0,None
10:47:44,2023-06-30,2558651553,9623718532,8009.37,UK,UK,0,None
10:47:44,2023-06-30,959782789,7086155331,1417.15,UK,UK,0,None
10:47:48,2023-06-30,5915250430,7134696391,8359.94,UK,UK,0,None
10:47:51,2023-06-30,6176654890,867613560,10657.96,UK,UK,0,None
10:47:53,2023-06-30,7376298181,6178910556,624.77,UK,UAE,0,None
10:47:53,2023-06-30,5792373404,1090479826,5469.13,UK,Austria,0,None
10:47:54,2023-06-30,2650302845,4597928958,9165.21,UK,UK,0,None
10:47:58,2023-06-30,9429006653,5895170911,8379.01,UK,UK,0,None
10:47:59,2023-06-30,7540999663,5439470259,2620.61,UK,UK,0,None
10:47:59,2023-06-30,4510052595,435152581,11609.96,UK,UK,0,None
10:48:04,2023-06-30,4339436090,4025986905,3668.67,UK,UK,0,None
10:48:07,2023-06-30,6735898589,8062301122,8438.27,UK,UK,0,None
10:48:08,2023-06-30,5735431199,7347470470,33063.49,UK,UK,0,None
10:48:13,2023-06-30,3929345024,7052455637,3276.5,UK,UK,0,None
10:48:16,2023-06-30,7433172203,2409583014,6077.02,UK,UK,0,None
10:48:17,2023-06-30,7709701164,972156567,1480.97,UK,UK,0,None
10:48:19,2023-06-30,8049290582,7851271859,6349.36,UK,UK,0,None
10:48:21,2023-06-30,3031880993,9393651460,2808.63,UK,UK,0,None
10:48:21,2023-06-30,9446315287,8015120864,6963.92,UK,UK,0,None
10:48:26,2023-06-30,2945772299,521885087,1457.58,UK,UK,0,None
10:48:27,2023-06-30,4524282500,867613560,15447.79,UK,UK,0,None
10:48:29,2023-06-30,2023659002,7067426135,25744.93,UK,UK,0,None
10:48:31,2023-06-30,1540165261,4654778950,7281.31,UK,UK,0,None
10:48:32,2023-06-30,5748357482,2210511344,6046.2,UK,UK,0,None
10:48:33,2023-06-30,2167900654,1399635983,373.3,UK,UK,0,None
10:48:36,2023-06-30,1312979436,7976247492,19092.29,UK,UK,0,None
10:48:43,2023-06-30,9449543246,2723802415,7553.52,UK,UK,0,None
10:48:44,2023-06-30,3847456279,6686041278,4076.97,UK,UK,0,None
10:48:44,2023-06-30,7432289799,1383803016,5438.8,UK,UK,0,None
10:48:49,2023-06-30,3801046275,913066380,905.76,UK,UK,0,None
10:48:53,2023-06-30,6485652106,7876273091,429.55,UK,Italy,0,None
10:48:53,2023-06-30,2446549261,2272929171,2033.84,UK,UK,0,None
10:48:56,2023-06-30,504412237,651057717,1543.58,UK,UK,0,None
10:49:00,2023-06-30,2180216353,3517323630,7962.72,UK,UK,0,None
10:49:01,2023-06-30,8371508760,6068002502,5631.87,UK,UK,0,None
10:49:01,2023-06-30,5101216575,7173703828,582.95,UK,UK,0,None
10:49:02,2023-06-30,4576907003,911357899,235.25,UK,UK,0,None
10:49:02,2023-06-30,4106789122,5261550174,9932.42,UK,UK,0,None
10:49:05,2023-06-30,7127637963,4517354474,10950.46,UK,UK,0,None
10:49:05,2023-06-30,7815302114,8179848872,922.37,UK,UK,0,None
10:49:10,2023-06-30,8181564965,8545675247,1586.24,UK,UK,0,None
10:49:16,2023-06-30,6730092851,8976245297,21786.71,UK,USA,0,None
10:49:20,2023-06-30,8467204743,7402222941,33320.99,UK,UK,0,None
10:49:21,2023-06-30,6938382855,1306618027,15310.07,UK,Albania,0,None
10:49:24,2023-06-30,2320560721,8561206618,15884.91,UK,UK,0,None
10:49:24,2023-06-30,6172923804,5579295130,2693.34,UK,UK,0,None
10:49:25,2023-06-30,8570987392,2454053384,416.62,UK,UK,0,None
10:49:30,2023-06-30,3816200667,211276940,6086.83,UK,UK,0,None
10:49:31,2023-06-30,5177770946,6008148793,13122.14,UK,UK,0,None
10:49:32,2023-06-30,7160624271,7347470470,6697.35,UK,UK,0,None
10:49:37,2023-06-30,8057030980,4209362236,94.86,UK,UK,0,None
10:49:39,2023-06-30,4211630837,5316774430,5686.4,Italy,UK,0,None
10:49:43,2023-06-30,4932438152,8822507387,600.55,UK,UK,0,None
10:49:45,2023-06-30,1009483043,4828375794,6031.86,UK,UK,0,None
10:49:45,2023-06-30,7816913621,6722746163,6413.09,UK,UK,0,None
10:49:46,2023-06-30,7976678492,3001989437,1702.72,UK,UK,0,None
10:49:47,2023-06-30,573450373,9035303198,14025.21,UK,UK,0,None
10:49:47,2023-06-30,9089859845,9895935536,62.7,UK,UK,0,None
10:49:48,2023-06-30,3055971975,435152581,15149.95,UK,UK,0,None
10:49:50,2023-06-30,9997546835,6197324630,1906.68,UK,UK,0,None
10:49:51,2023-06-30,2834045289,8431021790,8407.44,UK,UK,0,None
10:49:55,2023-06-30,1131916256,4624255294,10713.51,UK,UK,0,None
10:49:57,2023-06-30,5523636242,4517354474,7803.62,UK,UK,0,None
10:49:59,2023-06-30,5476946726,7402222941,4531.78,UK,UK,0,None
10:50:00,2023-06-30,4472002818,8698386639,9013.74,UK,UK,0,None
10:50:01,2023-06-30,6208332787,3193458522,12154.3,UK,UK,0,None
10:50:02,2023-06-30,3984941212,6389814200,16065.2,UK,UK,0,None
10:50:03,2023-06-30,1009483043,8947434541,6810.16,UK,UK,0,None
10:50:05,2023-06-30,2016944900,9218198694,135.3,UK,UK,0,None
10:50:06,2023-06-30,7461775522,862609888,6212.89,UK,UK,0,None
10:50:06,2023-06-30,1769527701,885213656,5024.5,UK,UK,0,None
10:50:07,2023-06-30,9122636623,2584408574,554.01,UK,UK,0,None
10:50:08,2023-06-30,3265318374,8857592238,5598.99,UK,UK,0,None
10:50:08,2023-06-30,3031232440,2822256723,2536.67,UK,UK,0,None
10:50:09,2023-06-30,1317735458,9210960899,11373.25,UK,UK,0,None
10:50:13,2023-06-30,1634490858,3917281701,74850.02,UK,UK,0,None
10:50:14,2023-06-30,1873676034,4958167328,6746.06,UK,UK,0,None
10:50:20,2023-06-30,9424419543,3475332993,8386.68,UK,UK,0,None
10:50:20,2023-06-30,3977030887,3107013229,844.77,UK,UK,0,None
10:50:20,2023-06-30,4088437613,8311194891,2345.1,UK,UK,0,None
10:50:22,2023-06-30,9216724861,4790142846,8423.41,UK,UK,0,None
10:50:25,2023-06-30,4314327435,6381545064,5087.48,UK,Morocco,0,None
10:50:27,2023-06-30,3029760704,2905627765,6809.61,Spain,UK,0,None
10:50:29,2023-06-30,9251438241,518940428,5669.52,UK,Austria,0,None
10:50:33,2023-06-30,4540380414,7134696391,11046.95,UK,UK,0,None
10:50:34,2023-06-30,3409116923,6031856580,13033.19,UK,UAE,0,None
10:50:35,2023-06-30,7030402650,5938910724,4039.0,UK,UK,0,None
10:50:39,2023-06-30,5451545399,322400695,2156.99,UK,UK,0,None
10:50:41,2023-06-30,2171085955,1798141400,2542.97,UK,UK,0,None
10:50:43,2023-06-30,52431743,1569274183,605.75,UK,UK,0,None
10:50:45,2023-06-30,3036227372,5225347711,2629.37,UK,UK,0,None
10:50:46,2023-06-30,7461775522,1977537306,4714.15,UK,UK,0,None
10:50:48,2023-06-30,3607939447,1134682567,12092.89,UK,UK,0,None
10:50:48,2023-06-30,651175428,4568746489,4031.84,UK,UK,0,None
10:50:51,2023-06-30,6308642002,4859662853,1673.07,UK,UK,0,None
10:50:51,2023-06-30,3051829775,1243655595,28871.71,UK,UK,0,None
10:50:52,2023-06-30,6392998090,9922351200,11511.38,Austria,UK,0,None
10:50:55,2023-06-30,5669121844,3329083845,14665.25,UK,UK,0,None
10:50:56,2023-06-30,5873772547,5100697733,5380.32,UK,UK,0,None
10:50:57,2023-06-30,5438209656,6258301755,5225.11,UK,UK,0,None
10:50:59,2023-06-30,2063026445,6278959705,14021.43,UK,UK,0,None
10:51:01,2023-06-30,6730092851,2214083489,8365.48,UK,UK,0,None
10:51:05,2023-06-30,6897534521,8062301122,4779.63,UK,UK,0,None
10:51:06,2023-06-30,2450102339,7676420496,4348.9,UK,UK,0,None
10:51:07,2023-06-30,2023659002,6599936639,4622.43,UK,UK,0,None
10:51:08,2023-06-30,9658038388,3362456718,1442.07,UK,UK,0,None
10:51:09,2023-06-30,797647706,4752613442,2731.7,UK,UK,0,None
10:51:10,2023-06-30,554136849,1835303049,5415.94,UK,UK,0,None
10:51:13,2023-06-30,8920191038,2173950998,3216.57,UK,UK,0,None
10:51:15,2023-06-30,1316671530,1122390764,1903.49,UK,UK,0,None
10:51:17,2023-06-30,4547901177,7458437197,2734.11,UK,UK,0,None
10:51:18,2023-06-30,6938382855,1460062495,9091.91,UK,UK,0,None
10:51:22,2023-06-30,9246595782,8053951718,8059.3,UK,UK,0,None
10:51:24,2023-06-30,1030692910,6513348107,9261.61,UK,UK,0,None
10:51:25,2023-06-30,5892591225,8230133096,1744.1,UK,UK,0,None
10:51:26,2023-06-30,1077741499,7430872418,22939.13,UK,UK,0,None
10:51:27,2023-06-30,9661065050,1112167338,5365.4,UK,UK,0,None
10:51:29,2023-06-30,7461775522,7465774861,6663.33,UK,UK,0,None
10:51:34,2023-06-30,1009483043,1729416131,6677.28,UK,UK,0,None
10:51:35,2023-06-30,3212281291,9386862506,9675.46,UK,UK,0,None
10:51:38,2023-06-30,7344045063,4523183316,1202.77,UK,UK,0,None
10:51:41,2023-06-30,5820707929,2006079913,1504.54,UK,UK,0,None
10:51:45,2023-06-30,7495018530,7470720800,4465.74,UK,UK,0,None
10:51:46,2023-06-30,3272593664,5245566085,117.66,UK,UK,0,None
10:51:46,2023-06-30,228966055,1970443466,8796.2,UK,UK,0,None
10:51:47,2023-06-30,2218453092,4240965058,13815.41,UK,UK,0,None
10:51:47,2023-06-30,4472002818,6458257270,5283.7,UK,UK,0,None
10:51:49,2023-06-30,7639653544,2775560359,21862.25,UK,UK,0,None
10:51:50,2023-06-30,687826847,3282853654,17430.81,UK,UK,0,None
10:51:53,2023-06-30,8779641997,5034646292,6809.7,UK,UK,0,None
10:51:57,2023-06-30,6147939275,5852170875,9400.19,UK,France,0,None
10:51:57,2023-06-30,5288964755,1994237089,4033.07,UK,UK,0,None
10:52:00,2023-06-30,6964651170,4872749219,179.25,UK,UK,0,None
10:52:01,2023-06-30,221775922,719824691,1502.1,UK,UK,0,None
10:52:02,2023-06-30,2284603771,6124629793,3191.77,UK,France,0,None
10:52:03,2023-06-30,7670192289,4939108392,5046.84,UK,UK,0,None
10:52:08,2023-06-30,4472002818,6588847497,11875.48,UK,UK,0,None
10:52:09,2023-06-30,2207144112,7355972203,10325.21,UK,UK,0,None
10:52:09,2023-06-30,8114537680,4592390313,2314.86,UK,UK,0,None
10:52:12,2023-06-30,208615118,6328462395,7908.62,UK,UK,0,None
10:52:15,2023-06-30,1777302262,3941723532,13734.19,UK,UK,0,None
10:52:16,2023-06-30,8444657375,8479815900,3856.1,UK,UK,0,None
10:52:19,2023-06-30,9130725202,3400826523,2490.4,UK,UK,0,None
10:52:21,2023-06-30,3492015795,8090797440,526.47,UK,UK,0,None
10:52:22,2023-06-30,7875161291,9261014811,22538.73,UK,UK,0,None
10:52:23,2023-06-30,3001470674,9493875588,18632.07,UK,UK,0,None
10:52:27,2023-06-30,7759471330,4517354474,6317.39,UK,UK,0,None
10:52:32,2023-06-30,9429077445,4479618204,3606.28,Spain,UK,0,None
10:52:32,2023-06-30,8636557487,7511413041,12383.01,Netherlands,UK,0,None
10:52:37,2023-06-30,5992929221,5144724633,2669.28,UK,UK,0,None
10:52:39,2023-06-30,9631304176,9662213377,3055.08,UK,UK,0,None
10:52:50,2023-06-30,4815055659,9584495087,10608.57,UK,UK,0,None
10:52:51,2023-06-30,3992084410,8069793405,12106.36,UK,UK,0,None
10:52:51,2023-06-30,544228479,8698321639,1101.04,UK,UK,0,None
10:52:54,2023-06-30,8322987605,7055235935,6977.63,UK,UK,0,None
10:52:55,2023-06-30,3703200360,822687097,13821.63,UK,UK,0,None
10:52:57,2023-06-30,7383742011,3941723532,7273.22,UK,UK,0,None
10:52:58,2023-06-30,3418679574,6936715977,4521.46,UK,UK,0,None
10:53:00,2023-06-30,2908866282,4770484187,1970.99,UK,UK,0,None
10:53:02,2023-06-30,7127637963,4517354474,10793.16,UK,UK,0,None
10:53:09,2023-06-30,6730092851,4955897081,7548.53,UK,UK,0,None
10:53:09,2023-06-30,1076271611,6310171769,7952.98,UK,UK,0,None
10:53:11,2023-06-30,1030692910,2588972708,11105.49,UK,UK,0,None
10:53:16,2023-06-30,2558651553,7667322798,11269.32,UK,UK,0,None
10:53:16,2023-06-30,457249526,5316774430,10785.09,UK,UK,0,None
10:53:16,2023-06-30,6673628314,867613560,20125.94,UK,UK,0,None
10:53:16,2023-06-30,1317735458,1342099654,6156.46,UK,UK,0,None
10:53:17,2023-06-30,8425281660,7453651539,2250.65,UK,UK,0,None
10:53:19,2023-06-30,7461775522,862609888,6312.31,UK,UK,0,None
10:53:21,2023-06-30,4024012223,9241511189,24775.89,UK,UK,0,None
10:53:23,2023-06-30,6395805433,2759506949,6515.84,UK,UK,0,None
10:53:23,2023-06-30,1712828717,1170955614,8792.56,UK,UK,0,None
10:53:26,2023-06-30,5181996600,8646252378,5113.3,UK,UK,0,None
10:53:29,2023-06-30,6392998090,9038331616,45258.63,Austria,UK,0,None
10:53:30,2023-06-30,6735584702,2507887733,6738.25,UK,UK,0,None
10:53:32,2023-06-30,5069025027,5316774430,11613.45,UK,UK,0,None
10:53:33,2023-06-30,5596211806,1261815001,9932.02,UK,UK,0,None
10:53:38,2023-06-30,3418188167,2507887733,6509.98,UK,UK,0,None
10:53:38,2023-06-30,40976520,2939599072,8187.82,UK,UK,0,None
10:53:38,2023-06-30,4290876455,5834230324,3888.37,UK,UK,0,None
10:53:40,2023-06-30,9909594016,8170056754,3728.13,UK,UK,0,None
10:53:43,2023-06-30,7036354738,3557778587,9035.61,UK,UK,0,None
10:53:51,2023-06-30,2361644411,3474800855,2419.26,UK,UK,0,None
10:53:55,2023-06-30,4472002818,6065912125,8782.87,UK,UK,0,None
10:53:57,2023-06-30,8899448463,5758554622,179.52,UK,UK,0,None
10:54:02,2023-06-30,8495815200,3542950505,13955.65,UK,UK,0,None
10:54:04,2023-06-30,1540165261,9143883695,14951.92,UK,UK,0,None
10:54:04,2023-06-30,9052671722,374169181,13214.77,UK,UK,0,None
10:54:05,2023-06-30,3825321860,7052455637,4015.91,UK,UK,0,None
10:54:12,2023-06-30,7984788225,867613560,7093.58,UK,UK,0,None
10:54:12,2023-06-30,1135015532,3949867682,59.53,UK,UK,0,None
10:54:15,2023-06-30,7198712743,999543012,161.08,UK,UK,0,None
10:54:17,2023-06-30,8004586995,1091854354,4045.59,UK,UK,0,None
10:54:17,2023-06-30,7044232580,2055039537,781.12,UK,UK,0,None
10:54:18,2023-06-30,1540165261,3169600900,5103.1,UK,UK,0,None
10:54:19,2023-06-30,7661827107,6308148501,11882.06,UK,UK,0,None
10:54:20,2023-06-30,6016262520,4712691007,1887.01,UK,UK,0,None
10:54:24,2023-06-30,7617062651,4919852286,1651.36,India,UK,0,None
10:54:27,2023-06-30,4059095782,3081510808,5768.52,UK,UK,0,None
10:54:27,2023-06-30,811727805,6056780802,188.03,UK,Morocco,0,None
10:54:29,2023-06-30,6076983156,8184159259,9797.1,Italy,UK,0,None
10:54:35,2023-06-30,2123034566,8454220182,434.64,UK,UK,0,None
10:54:36,2023-06-30,9953013714,7952738161,3534.73,UK,UK,0,None
10:54:38,2023-06-30,6914614483,1112167338,16039.34,UK,UK,0,None
10:54:38,2023-06-30,1972546602,9035303198,5232.02,Mexico,UK,0,None
10:54:38,2023-06-30,3767566074,2209274546,1154.07,UK,UK,0,None
10:54:39,2023-06-30,3250150218,169795909,12142.7,UK,Spain,0,None
10:54:39,2023-06-30,7907344791,4608389754,1032.23,UK,UK,0,None
10:54:40,2023-06-30,5595927322,5372324985,5755.42,UK,UK,0,None
10:54:41,2023-06-30,267226420,5655576046,3877.31,UK,UK,0,None
10:54:41,2023-06-30,8423135585,9726803605,25712.1,UK,UK,0,None
10:54:42,2023-06-30,2834045289,4501675316,5679.43,UK,UK,0,None
10:54:46,2023-06-30,5451594359,4825357514,478.45,UK,UK,0,None
10:54:47,2023-06-30,9142095021,7421935361,112.84,UK,UK,0,None
10:54:50,2023-06-30,6938382855,5901212456,9822.99,UK,UK,0,None
10:54:51,2023-06-30,9160299821,4836485505,349.43,UK,UK,0,None
10:54:51,2023-06-30,8534696542,7347470470,5633.02,UK,UK,0,None
10:54:51,2023-06-30,4395660818,2421827498,372.18,UK,UK,0,None
10:54:52,2023-06-30,5181996600,8646252378,5168.62,UK,UK,0,None
10:54:54,2023-06-30,8756434409,273859635,11029.36,UK,UK,0,None
10:54:55,2023-06-30,1528894531,7402222941,6183.98,UK,UK,0,None
10:54:55,2023-06-30,1914556025,8062301122,9073.72,UK,UK,0,None
10:54:55,2023-06-30,4969765695,3134325878,1897.96,UK,UK,0,None
10:54:56,2023-06-30,3409116923,6031856580,13118.4,UK,UAE,0,None
10:54:58,2023-06-30,6680371137,1803031746,1417.13,UK,UK,0,None
10:55:03,2023-06-30,7564254603,9386862506,8694.69,UK,UK,0,None
10:55:04,2023-06-30,8049290582,7851271859,6378.64,UK,UK,0,None
10:55:06,2023-06-30,3935618157,3282853654,8597.7,UK,UK,0,None
10:55:08,2023-06-30,3051829775,1243655595,28330.9,UK,UK,0,None
10:55:08,2023-06-30,629893943,435152581,10846.0,UK,UK,0,None
10:55:09,2023-06-30,2033540392,7073850669,1965.44,UK,UK,0,None
10:55:10,2023-06-30,5950067782,5778263792,907.85,UK,UK,0,None
10:55:10,2023-06-30,8774176217,3192901552,7656.45,UK,UK,0,None
10:55:11,2023-06-30,8869043232,5769453146,19095.3,UK,UK,0,None
10:55:13,2023-06-30,2386477676,7971912615,39642.72,Japan,UK,0,None
10:55:19,2023-06-30,2725635180,7754636513,17364.09,UK,Spain,0,None
10:55:26,2023-06-30,6147939275,5852170875,9419.73,UK,France,0,None
10:55:27,2023-06-30,6005740903,3329083845,25316.24,UK,UK,0,None
10:55:31,2023-06-30,5238673836,1112167338,6465.47,India,UK,0,None
10:55:33,2023-06-30,2938210715,1684403813,18040.9,UK,UK,0,None
10:55:34,2023-06-30,8630198809,6580010286,17759.63,UK,UK,0,None
10:55:34,2023-06-30,3093363438,1739554047,1276.05,UK,UK,0,None
10:55:36,2023-06-30,1131916256,9580113342,12893.57,UK,UK,0,None
10:55:36,2023-06-30,4774275797,3193458522,21868.29,UK,UK,0,None
10:55:37,2023-06-30,7984788225,867613560,7139.22,UK,UK,0,None
10:55:37,2023-06-30,3847138032,4016349911,5056.58,UK,UK,0,None
10:55:40,2023-06-30,1131916256,8173916318,8123.61,UK,UK,0,None
10:55:41,2023-06-30,699192865,5661887230,7491.64,Switzerland,UK,0,None
10:55:46,2023-06-30,5839561410,6073202631,233.09,UK,UK,0,None
10:55:46,2023-06-30,202397571,2703611902,1322.65,UK,UK,0,None
10:55:49,2023-06-30,4968341238,7014776634,223.57,UK,UK,0,None
10:55:49,2023-06-30,4393980228,1663818534,5387.63,UK,UK,0,None
10:55:54,2023-06-30,1540165261,7727225190,11332.44,UK,UK,0,None
10:55:55,2023-06-30,6075624900,3882776964,2664.61,UK,UK,0,None
10:55:56,2023-06-30,4063651580,9117528015,8147.58,UK,UK,0,None
10:55:58,2023-06-30,3201548429,1112167338,23737.68,UK,UK,0,None
10:56:00,2023-06-30,5774693672,2168088861,4488.99,UK,Morocco,0,None
10:56:01,2023-06-30,809560709,9135462515,2292.53,UK,UK,0,None
10:56:02,2023-06-30,4513349716,6731492297,146.6,UK,UK,0,None
10:56:02,2023-06-30,768184715,6126472722,15349.05,UK,UK,0,None
10:56:03,2023-06-30,7107063158,260893724,138.65,UK,UK,0,None
10:56:04,2023-06-30,4256338576,1243655595,10056.31,UK,UK,0,None
10:56:10,2023-06-30,397796760,94037831,1283.06,UK,UK,0,None
10:56:11,2023-06-30,8293628882,9126262604,283.31,UK,UK,0,None
10:56:13,2023-06-30,2587895616,1590708458,7267.93,UK,UK,0,None
10:56:15,2023-06-30,2320560721,729165104,11984.8,UK,UK,0,None
10:56:21,2023-06-30,1269439207,1962535660,117.69,UK,Nigeria,0,None
10:56:23,2023-06-30,3616242266,3187480010,4089.79,UK,UK,0,None
10:56:23,2023-06-30,2707588106,9859015586,7713.19,UK,Nigeria,0,None
10:56:23,2023-06-30,9575701552,8194569720,6648.07,UK,UK,0,None
10:56:23,2023-06-30,2908412702,6761592212,8787.59,UK,UK,0,None
10:56:24,2023-06-30,3177149206,5569217980,4656.49,UK,Netherlands,0,None
10:56:24,2023-06-30,9375039292,7754636513,17365.03,UK,Spain,0,None
10:56:25,2023-06-30,1317735458,5397419980,12237.48,UK,UK,0,None
10:56:26,2023-06-30,3894217933,2732568271,4738.42,UK,UK,0,None
10:56:26,2023-06-30,1553587501,8862174716,24391.14,UK,UK,0,None
10:56:27,2023-06-30,9155423127,930371101,605.49,UK,UK,0,None
10:56:28,2023-06-30,3022355930,6303522421,6380.71,UK,UK,0,None
10:56:29,2023-06-30,9243779950,9389041065,2920.78,UK,UK,0,None
10:56:29,2023-06-30,7744210851,3590364163,159.61,UK,UK,0,None
10:56:31,2023-06-30,6716397774,1112167338,4571.89,UK,UK,0,None
10:56:32,2023-06-30,900780460,4024427439,14312.33,UK,UK,0,None
10:56:33,2023-06-30,5374233752,7511413041,4564.93,UK,UK,0,None
10:56:34,2023-06-30,8489286981,4620162257,8052.01,UK,UK,0,None
10:56:35,2023-06-30,5638700575,9480768510,75.86,UK,UK,0,None
10:56:35,2023-06-30,459712749,1179981989,13213.55,UK,UK,0,None
10:56:36,2023-06-30,5403198205,997621089,542.34,UK,UK,0,None
10:56:40,2023-06-30,1007741007,4954939242,1840.98,UK,UK,0,None
10:56:42,2023-06-30,5861833454,1123030724,5410.35,UK,UK,0,None
10:56:43,2023-06-30,2321194881,1600358871,14380.39,UK,UK,0,None
10:56:43,2023-06-30,8991293649,7257456079,5240.65,UK,UK,0,None
10:56:45,2023-06-30,4213255245,4703972177,661.85,UK,Italy,0,None
10:56:47,2023-06-30,4201776236,8264472288,2774.78,UK,UK,0,None
10:56:51,2023-06-30,298920911,8800835945,4668.52,UK,UK,0,None
10:56:51,2023-06-30,8257603427,4417149689,22757.37,UK,UK,0,None
10:56:57,2023-06-30,9251438241,4116274495,14085.72,UK,Morocco,0,None
10:56:58,2023-06-30,1303860575,2057434888,3906.19,UK,UK,0,None
10:57:00,2023-06-30,6915671163,6163120573,9886.05,UK,UK,0,None
10:57:09,2023-06-30,1498124180,8857592238,7350.03,UK,UK,0,None
10:57:09,2023-06-30,8236345961,8194569720,8869.28,UK,UK,0,None
10:57:14,2023-06-30,8493308067,3792752290,4885.13,UK,UK,0,None
10:57:15,2023-06-30,2218453092,1228710395,6029.38,UK,UK,0,None
10:57:17,2023-06-30,2019695418,776591159,852.36,UK,France,0,None
10:57:18,2023-06-30,2181892109,1379492100,4738.39,UK,UK,0,None
10:57:19,2023-06-30,6392998090,9495115588,5497.23,Austria,UK,0,None
10:57:20,2023-06-30,1435081937,2750137741,323.69,UK,UK,0,None
10:57:22,2023-06-30,735467280,17671243,880.75,UK,UK,0,None
10:57:24,2023-06-30,8591043509,3146789538,4118.03,UK,UK,0,None
10:57:27,2023-06-30,1729974487,7172108932,3897.82,UK,UK,0,None
10:57:29,2023-06-30,4936594916,3812675758,235.61,UK,UK,0,None
10:57:29,2023-06-30,2107477855,9469701780,871.38,UK,UK,0,None
10:57:30,2023-06-30,2363248484,6601405719,2715.16,UK,UK,0,None
10:57:31,2023-06-30,7305307530,3619160166,9442.65,UK,UK,0,None
10:57:36,2023-06-30,1030692910,16298854,7283.45,UK,UK,0,None
10:57:40,2023-06-30,3607939447,9165583755,10763.36,UK,UK,0,None
10:57:43,2023-06-30,194027607,2869536124,336.86,UK,UK,0,None
10:57:48,2023-06-30,6392998090,7176815838,17882.82,Austria,UK,0,None
10:57:49,2023-06-30,850174863,3815326570,2614.34,UK,UK,0,None
10:57:49,2023-06-30,1119229357,2088824595,1173.27,UK,UK,0,None
10:57:54,2023-06-30,3511658595,4967533370,1836.27,UK,Mexico,0,None
10:57:55,2023-06-30,1540165261,4851086526,11871.06,UK,UK,0,None
10:57:57,2023-06-30,2155777605,6079482937,2362.5,UK,UK,0,None
10:57:58,2023-06-30,3168051873,6577346174,12.43,UK,UK,0,None
10:57:58,2023-06-30,2748908892,3436875064,2632.84,UK,Morocco,0,None
10:58:00,2023-06-30,9940449031,2811849526,20.92,UK,UK,0,None
10:58:00,2023-06-30,3442207192,1321075181,6291.03,UK,UK,0,None
10:58:03,2023-06-30,6562859468,867613560,7791.08,UK,UK,0,None
10:58:04,2023-06-30,526145086,1307412406,7008.25,Turkey,UK,0,None
10:58:08,2023-06-30,5997021898,3565748777,13277.16,UK,Japan,0,None
10:58:09,2023-06-30,2530227831,1227954939,5847.8,UK,UK,0,None
10:58:11,2023-06-30,4211630837,5316774430,5643.06,Italy,UK,0,None
10:58:16,2023-06-30,1251694344,7978251322,1485.94,UK,UK,0,None
10:58:17,2023-06-30,3810886477,7619786619,2832.19,UK,UK,0,None
10:58:20,2023-06-30,5740661816,3510852086,2298.54,UK,UK,0,None
10:58:23,2023-06-30,807690910,6653699393,4770.4,UK,UK,0,None
10:58:24,2023-06-30,8066261385,2905627765,10514.82,UK,UK,0,None
10:58:25,2023-06-30,101996747,4430859599,414.6,UK,UK,0,None
10:58:25,2023-06-30,5481100101,6931135460,4672.34,UK,UK,0,None
10:58:27,2023-06-30,6687390135,7383048677,8537.84,UK,UK,0,None
10:58:28,2023-06-30,1695584314,4920186584,1867.65,UK,UK,0,None
10:58:31,2023-06-30,6116614833,5186859282,1923.67,UK,UK,0,None
10:58:32,2023-06-30,7992464835,4098361341,1086.56,UK,UK,0,None
10:58:32,2023-06-30,5861833454,3079556088,10254.75,UK,UK,0,None
10:58:33,2023-06-30,5529848214,6375397840,2029.23,UK,UK,0,None
10:58:35,2023-06-30,7996008706,6834619779,3248.23,UK,UK,0,None
10:58:37,2023-06-30,7172612777,2823566566,5364.75,UK,UK,0,None
10:58:39,2023-06-30,8925548212,1877944185,1921.8,UK,UK,0,None
10:58:44,2023-06-30,5990010057,2383686452,982.14,UK,UK,0,None
10:58:47,2023-06-30,5669121844,3329083845,14505.25,UK,UK,0,None
10:58:49,2023-06-30,9251438241,5622535336,5887.75,UK,UK,0,None
10:58:51,2023-06-30,1363364824,3475332993,18903.13,UK,UK,0,None
10:58:55,2023-06-30,6392026508,854639683,11368.07,UK,UK,0,None
10:58:56,2023-06-30,6221808917,3193458522,15476.97,UK,UK,0,None
10:58:58,2023-06-30,2023659002,6590953477,16872.96,UK,UK,0,None
10:58:59,2023-06-30,6938382855,1455638750,23012.58,UK,UK,0,None
10:59:01,2023-06-30,60270891,1716405081,1435.78,UK,UK,0,None
10:59:02,2023-06-30,8652732092,1112167338,10460.12,UK,UK,0,None
10:59:03,2023-06-30,5834842268,4718397878,1132.34,UK,UK,0,None
10:59:08,2023-06-30,76766713,8014576458,240.44,UK,UK,0,None
10:59:10,2023-06-30,5442384483,3802395439,446.58,UK,UK,0,None
10:59:12,2023-06-30,8949399355,5239828101,315.01,UK,UK,0,None
10:59:13,2023-06-30,3927767449,9737888152,777.34,UK,UK,0,None
10:59:14,2023-06-30,3869005135,2836869610,1217.09,UK,UK,0,None
10:59:16,2023-06-30,3607939447,1065867034,9683.68,UK,UK,0,None
10:59:16,2023-06-30,5861833454,181501024,19215.4,UK,UK,0,None
10:59:17,2023-06-30,7162446569,8646252378,9513.55,UK,UK,0,None
10:59:17,2023-06-30,8647449586,8062301122,18520.56,UK,UK,0,None
10:59:18,2023-06-30,1030692910,6513348107,8952.73,UK,UK,0,None
10:59:19,2023-06-30,3190416155,7615582365,5939.13,UK,UK,0,None
10:59:20,2023-06-30,935996628,9691134847,4619.9,UK,UK,0,None
10:59:20,2023-06-30,348919156,2321744974,333.46,UK,UK,0,None
10:59:22,2023-06-30,6392998090,9258079517,7664.36,Austria,UK,0,None
10:59:23,2023-06-30,556611983,7221542118,7440.11,UK,UK,0,None
10:59:23,2023-06-30,1886768848,7134696391,18005.72,UK,UK,0,None
10:59:25,2023-06-30,3587950596,5432326183,293.15,UK,UK,0,None
10:59:32,2023-06-30,6422439895,5316774430,12400.36,UK,UK,0,None
10:59:36,2023-06-30,7395104596,8819898974,12635.93,UK,UK,0,None
10:59:37,2023-06-30,9273592477,4196526214,1525.87,UK,UK,0,None
10:59:40,2023-06-30,8436599700,374169181,11588.37,UK,UK,0,None
10:59:44,2023-06-30,3198423390,7931719730,6357.81,UK,UK,0,None
10:59:45,2023-06-30,299388548,7380184626,8367.51,UK,UK,0,None
10:59:47,2023-06-30,73892638,9452885588,256.35,UK,UK,0,None
10:59:49,2023-06-30,7688722323,8646252378,14705.0,UK,UK,0,None
10:59:49,2023-06-30,4387942933,3894851784,2694.66,UK,UK,0,None
10:59:55,2023-06-30,6752170039,9311068889,19279.22,UK,UK,0,None
10:59:56,2023-06-30,4047353805,7637983627,14916.78,UK,UK,0,None
10:59:57,2023-06-30,1917541759,174523115,14233.24,UK,UK,0,None
10:59:57,2023-06-30,18772233,6681240712,5192.11,UK,UK,0,None
10:59:58,2023-06-30,6267865191,5552111325,507.13,UK,UK,0,None
10:59:59,2023-06-30,8222885629,3873919441,1248.59,UK,UK,0,None
11:00:01,2023-06-30,483263477,4674492569,4452.14,UK,UK,0,None
11:00:06,2023-06-30,7414249177,2216380739,20089.84,UK,UK,0,None
11:00:07,2023-06-30,6347210962,8857592238,6427.98,UK,UK,0,None
11:00:08,2023-06-30,4752527973,7249746801,4083.46,UK,UK,0,None
11:00:09,2023-06-30,3992084410,2017363378,11162.73,UK,UK,0,None
11:00:13,2023-06-30,711821222,2507887733,8336.17,UK,UK,0,None
11:00:14,2023-06-30,5080681523,9035303198,17280.68,UK,UK,0,None
11:00:18,2023-06-30,8299960671,2945307093,7656.75,UK,UK,0,None
11:00:19,2023-06-30,2320560721,686801389,16036.11,UK,France,0,None
11:00:22,2023-06-30,2834045289,5302795541,12495.69,UK,UK,0,None
11:00:23,2023-06-30,1293033026,2496225145,628.7,UK,UK,0,None
11:00:25,2023-06-30,3250150218,169795909,12126.4,UK,Spain,0,None
11:00:31,2023-06-30,8355174790,4939108392,4178.18,UK,UK,0,None
11:00:37,2023-06-30,9678480479,3127266613,4043.05,UK,UK,0,None
11:00:37,2023-06-30,8695107817,8208744079,701.73,UK,UK,0,None
11:00:41,2023-06-30,403526894,8952422691,4762.93,UK,UK,0,None
11:00:51,2023-06-30,9836170314,9974724988,10836.47,UK,UK,0,None
11:00:53,2023-06-30,4282534431,5815782674,8142.48,UK,UK,0,None
11:00:53,2023-06-30,9566389720,8646252378,6923.16,UK,UK,0,None
11:00:58,2023-06-30,3392945782,3870487580,1858.52,UK,UK,0,None
11:01:00,2023-06-30,6696951284,7511413041,8386.68,UK,UK,0,None
11:01:01,2023-06-30,1420739753,9311068889,6359.02,UK,UK,0,None
11:01:02,2023-06-30,7981781619,6761592212,13766.66,UK,UK,0,None
11:01:07,2023-06-30,1009483043,716924710,11083.46,UK,UK,0,None
11:01:15,2023-06-30,8330759741,4620162257,11180.21,UK,UK,0,None
11:01:20,2023-06-30,8097496413,4758136327,408.73,UK,UK,0,None
11:01:20,2023-06-30,1352768610,5610571506,284.42,UK,UK,0,None
11:01:21,2023-06-30,3006711626,1095737314,35.47,UK,UK,0,None
11:01:23,2023-06-30,6163871452,7605554744,8789.85,UK,UK,0,None
11:01:23,2023-06-30,994557989,9386862506,7766.48,Spain,UK,0,None
11:01:25,2023-06-30,3022355930,1650287647,4718.59,UK,UK,0,None
11:01:25,2023-06-30,2565183986,8765267168,13001.59,UK,UK,0,None
11:01:26,2023-06-30,5877271699,7422248821,811.86,UK,UK,0,None
11:01:28,2023-06-30,9320861805,4747773846,1213.93,UK,UK,0,None
11:01:30,2023-06-30,2947370387,1708641849,725.97,UK,UK,0,None
11:01:31,2023-06-30,3650775044,9386862506,4748.32,UK,UK,0,None
11:01:32,2023-06-30,9502508009,3941723532,18236.51,UK,UK,0,None
11:01:33,2023-06-30,5649716196,2741086121,137.46,UK,UK,0,None
11:01:33,2023-06-30,5459041199,563571410,574.77,UK,UK,0,None
11:01:35,2023-06-30,5792373404,1856794837,12039.65,UK,France,0,None
11:01:38,2023-06-30,7436550444,8500579796,2210.25,UK,UK,0,None
11:01:38,2023-06-30,554241458,3016405269,13803.07,UK,Germany,0,None
11:01:40,2023-06-30,6448837693,7100418106,865.77,UK,UK,0,None
11:01:41,2023-06-30,4572902827,8317977152,1317.39,UK,UK,0,None
11:01:43,2023-06-30,1317735458,2290460860,4654.3,UK,UK,0,None
11:01:45,2023-06-30,9404137767,1307412406,4708.7,UK,UK,0,None
11:01:47,2023-06-30,6876394358,3329083845,6268.38,UK,UK,0,None
11:01:49,2023-06-30,6876952940,8451489361,1266.35,UK,UK,0,None
11:01:49,2023-06-30,2776860595,2434746511,8559.19,UK,UK,0,None
11:01:50,2023-06-30,2937906366,4714420464,9892.25,UK,UK,0,None
11:01:52,2023-06-30,327529466,3937782228,2483.58,UK,UK,0,None
11:01:52,2023-06-30,6646732882,6310171769,12834.74,UK,UK,0,None
11:01:56,2023-06-30,3992084410,603473188,7911.35,UK,UK,0,None
11:01:56,2023-06-30,2043123763,7884152223,2212.86,UK,UK,0,None
11:01:57,2023-06-30,8108738719,5987807483,976.69,UK,UK,0,None
11:01:58,2023-06-30,5062278333,6711677083,5681.99,UK,UK,0,None
11:02:09,2023-06-30,8090109103,229066144,627.81,UK,UK,0,None
11:02:11,2023-06-30,5951601413,3282853654,5827.02,UK,UK,0,None
11:02:16,2023-06-30,390418862,579361492,124.27,UK,UK,0,None
11:02:16,2023-06-30,1311588590,906536196,12398.5,UK,UK,0,None
11:02:18,2023-06-30,727051066,8221216438,2285.38,UK,UK,0,None
11:02:24,2023-06-30,4348274877,6278959705,17266.1,UK,UK,0,None
11:02:24,2023-06-30,1454071149,9672971281,25091.09,UK,UK,0,None
11:02:24,2023-06-30,8430790639,4766321610,1220.33,UK,UK,0,None
11:02:26,2023-06-30,1009483043,986536478,8861.06,UK,UK,0,None
11:02:27,2023-06-30,1329527477,7711199678,8920.79,UK,UK,0,None
11:02:31,2023-06-30,2563576645,4968499554,12417.01,UK,UK,0,None
11:02:32,2023-06-30,4496996383,9208151273,484.44,UK,UK,0,None
11:02:34,2023-06-30,9452733421,1643050177,19674.87,UK,UK,0,None
11:02:36,2023-06-30,1717799722,6418201461,1786.37,UK,UK,0,None
11:02:37,2023-06-30,7977262629,1307412406,8002.32,Netherlands,UK,0,None
11:02:40,2023-06-30,7279118042,4441759756,4110.49,UK,UK,0,None
11:02:41,2023-06-30,2543549224,2434746511,10352.89,UK,UK,0,None
11:02:41,2023-06-30,6218409666,374169181,7933.63,UK,UK,0,None
11:02:44,2023-06-30,2841600888,9035303198,5576.88,Pakistan,UK,0,None
11:02:45,2023-06-30,9095581928,9163133496,277.84,UK,UK,0,None
11:02:48,2023-06-30,5151773819,2950867739,834.4,UK,UK,0,None
11:02:50,2023-06-30,3585007059,1070610478,213.84,UK,UK,0,None
11:02:53,2023-06-30,5782436636,4620162257,11516.1,UK,UK,0,None
11:02:57,2023-06-30,4400883068,245392622,15716.3,UK,UK,0,None
11:02:57,2023-06-30,379429726,3941723532,5986.48,UK,UK,0,None
11:02:59,2023-06-30,9370557637,3329083845,10342.36,UK,UK,0,None
11:02:59,2023-06-30,6913985960,867613560,11206.16,UK,UK,0,None
11:03:00,2023-06-30,4472002818,9709205746,5782.64,UK,UK,0,None
11:03:02,2023-06-30,7562948839,169795909,9013.12,UK,Spain,0,None
11:03:03,2023-06-30,2510302405,8462716376,3867.18,UK,UK,0,None
11:03:09,2023-06-30,6147939275,5852170875,9445.47,UK,France,0,None
11:03:09,2023-06-30,2877080011,9784272687,5388.16,UK,UK,0,None
11:03:09,2023-06-30,6665051,9527471054,1366.47,UK,UK,0,None
11:03:11,2023-06-30,2749082381,6445954185,5618.69,UK,UK,0,None
11:03:12,2023-06-30,2321194881,7794959746,13894.91,UK,UK,0,None
11:03:13,2023-06-30,9807850410,4360137175,3710.51,UK,Mexico,0,None
11:03:15,2023-06-30,5318186266,4407971758,1939.92,UK,UK,0,None
11:03:15,2023-06-30,5973009314,2602475086,8255.85,UK,UK,0,None
11:03:18,2023-06-30,1540165261,7727225190,11236.73,UK,UK,0,None
11:03:18,2023-06-30,3441115558,5073640143,25336.36,UK,Germany,0,None
11:03:22,2023-06-30,6058725319,2159528645,296.18,UK,UK,0,None
11:03:25,2023-06-30,6938382855,1460062495,9044.81,UK,UK,0,None
11:03:29,2023-06-30,8644697293,5243057348,1097.54,UK,UK,0,None
11:03:29,2023-06-30,5792373404,8227485828,6308.01,UK,Nigeria,0,None
11:03:30,2023-06-30,9251438241,7319590965,5468.26,UK,UK,0,None
11:03:33,2023-06-30,9727235604,9311068889,19179.65,UK,UK,0,None
11:03:33,2023-06-30,2790083909,26784264,5642.17,UK,UK,0,None
11:03:38,2023-06-30,9150615682,4620162257,5959.63,UK,UK,0,None
11:03:39,2023-06-30,3579470423,2338115077,21317.98,UK,UK,0,None
11:03:42,2023-06-30,6162961822,1956602673,3457.45,UK,UK,0,None
11:03:43,2023-06-30,6402529977,1103159203,1085.49,UK,UK,0,None
11:03:46,2023-06-30,2477730239,8184159259,5637.98,UK,UK,0,None
11:03:47,2023-06-30,9064022633,5291102535,1204.42,UK,UK,0,None
11:03:47,2023-06-30,8469083703,1500297496,5290.87,UK,UK,0,None
11:03:47,2023-06-30,6079362225,5101952666,539.38,UK,UK,0,None
11:03:48,2023-06-30,3198423390,8740050562,9223.11,UK,UK,0,None
11:03:50,2023-06-30,7461775522,7912173298,5431.84,UK,France,0,None
11:03:53,2023-06-30,1628217366,6347357093,98.49,UK,UK,0,None
11:03:53,2023-06-30,4472002818,9613909447,16185.62,UK,UK,0,None
11:03:56,2023-06-30,2834045289,6729093054,7374.71,UK,UK,0,None
11:03:57,2023-06-30,1609298413,6008148793,16539.28,UK,UK,0,None
11:03:58,2023-06-30,534941623,5521829903,4544.07,UK,UK,0,None
11:03:58,2023-06-30,6205132855,9386862506,7051.87,UK,UK,0,None
11:03:59,2023-06-30,7281597518,4714420464,12777.44,UK,UK,0,None
11:04:00,2023-06-30,3879426963,3459406773,1226.51,UK,UK,0,None
11:04:03,2023-06-30,6428668783,4620162257,8120.55,UK,UK,0,None
11:04:07,2023-06-30,9605932112,9784272687,22023.02,UAE,UK,0,None
11:04:07,2023-06-30,7330472370,3515492581,1494.4,UK,UK,0,None
11:04:09,2023-06-30,2321194881,2255674700,24909.39,UK,UK,0,None
11:04:10,2023-06-30,5456168155,3934028329,179.66,UK,UK,0,None
11:04:12,2023-06-30,7228745519,6841991426,1458.9,UK,UK,0,None
11:04:13,2023-06-30,325881966,9480109674,16471.13,UK,UK,0,None
11:04:19,2023-06-30,9251438241,281779852,8689.44,UK,UK,0,None
11:04:19,2023-06-30,1424693007,6559860014,2837.38,UK,UK,0,None
11:04:20,2023-06-30,5383111930,3056148704,385.8,UK,UK,0,None
11:04:22,2023-06-30,3022355930,2822315124,5054.7,UK,UK,0,None
11:04:27,2023-06-30,3125416704,6475710165,5951.27,UK,UK,0,None
11:04:30,2023-06-30,7402534697,8816653387,4627.22,UK,UK,0,None
11:04:31,2023-06-30,4497724073,1794779554,395.56,UK,UK,0,None
11:04:33,2023-06-30,9860572759,435152581,11619.17,UK,UK,0,None
11:04:34,2023-06-30,5897660965,8583189901,1993.93,UK,UK,0,None
11:04:35,2023-06-30,4781923448,7804273883,4666.16,UK,UK,0,None
11:04:37,2023-06-30,361228096,9386862506,5537.82,UK,UK,0,None
11:04:42,2023-06-30,1042334390,6812555760,2912.94,UK,UK,0,None
11:04:46,2023-06-30,228966055,2703855951,11522.13,UK,UK,0,None
11:04:47,2023-06-30,4836056408,3308430299,10533.07,UK,UK,0,None
11:04:50,2023-06-30,6392998090,7176815838,18249.14,Austria,UK,0,None
11:04:54,2023-06-30,3707295399,4340594196,6133.07,UK,UK,1,Stacked Bipartite
11:04:55,2023-06-30,5854990581,7402222941,12225.63,Austria,UK,0,None
11:04:57,2023-06-30,7123468575,4368706221,142.53,UK,UK,0,None
11:04:58,2023-06-30,8756434409,3598220795,27700.29,UK,UK,0,None
11:05:00,2023-06-30,4460344223,9803870583,27.72,UK,UK,0,None
11:05:02,2023-06-30,6915671163,6163120573,9954.86,UK,UK,0,None
11:05:02,2023-06-30,5460076836,6761592212,6092.39,UK,UK,0,None
11:05:05,2023-06-30,1187587321,854639683,12328.24,UK,UK,0,None
11:05:07,2023-06-30,1317735458,8767685142,12614.27,UK,UK,0,None
11:05:08,2023-06-30,878903489,9386862506,6912.29,UK,UK,0,None
11:05:10,2023-06-30,8180625344,7354584982,1600.97,UK,UK,0,None
11:05:13,2023-06-30,4472002818,280963241,4567.59,UK,UK,0,None
11:05:21,2023-06-30,7461775522,8453696801,11250.97,UK,UK,0,None
11:05:25,2023-06-30,6516340542,7942721982,498.89,UK,Albania,0,None
11:05:25,2023-06-30,2703108797,8015303915,46.0,UK,Japan,0,None
11:05:26,2023-06-30,878903489,9386862506,6735.1,UK,UK,0,None
11:05:29,2023-06-30,3951389321,9386862506,7410.31,UK,UK,0,None
11:05:33,2023-06-30,6875184773,4151857035,4160.3,UK,UK,0,None
11:05:33,2023-06-30,5358764414,1694897764,5978.43,UK,UK,0,None
11:05:34,2023-06-30,8474222610,9386862506,5425.35,UK,UK,0,None
11:05:36,2023-06-30,8756434409,5435772019,10896.73,UK,UK,0,None
11:05:36,2023-06-30,1995716752,9716403226,5011.49,UK,UK,0,None
11:05:36,2023-06-30,6658120999,989674716,724.37,UK,UK,0,None
11:05:36,2023-06-30,2060788332,2717995306,1508.73,UK,UK,0,None
11:05:37,2023-06-30,7031663453,6842599901,1259.52,UK,UK,0,None
11:05:38,2023-06-30,3442797640,6092127594,4049.67,UK,UK,0,None
11:05:39,2023-06-30,4134547411,7680967829,7043.14,UK,UK,0,None
11:05:39,2023-06-30,7963377257,4589102571,1406.62,UK,UK,0,None
11:05:40,2023-06-30,4763703942,6761592212,9229.65,UK,UK,0,None
11:05:45,2023-06-30,7303981207,7310393535,58250.1,UK,UK,0,None
11:05:46,2023-06-30,6539838870,4620162257,6082.33,UK,UK,0,None
11:05:48,2023-06-30,8677381927,4620162257,6592.04,UK,UK,0,None
11:05:50,2023-06-30,3190416155,1318382937,5696.24,UK,UK,0,None
11:05:54,2023-06-30,7381926607,5577393201,30011.42,UK,UK,0,None
11:05:58,2023-06-30,7204524806,6008148793,7857.21,UK,UK,0,None
11:05:59,2023-06-30,8371852943,3353257266,43.82,UK,UK,0,None
11:05:59,2023-06-30,384521614,1470058145,2101.48,UK,UK,0,None
11:06:05,2023-06-30,8177514126,169795909,6940.89,UK,Spain,0,None
11:06:07,2023-06-30,6147939275,7324508253,16242.35,UK,UK,0,None
11:06:09,2023-06-30,253152083,1790294184,108.74,UK,UK,0,None
11:06:10,2023-06-30,4035848345,2165444924,5998.92,UK,UK,0,None
11:06:13,2023-06-30,5628674969,5597694366,4934.43,UK,UK,0,None
11:06:19,2023-06-30,7933161732,2723802415,7419.72,UK,UK,0,None
11:06:19,2023-06-30,4012809267,9182116107,6433.7,UK,UK,0,None
11:06:21,2023-06-30,2953681710,1002062617,9904.74,UK,UK,0,None
11:06:21,2023-06-30,4091254818,1012044823,20971.92,UK,UK,0,None
11:06:23,2023-06-30,3685734156,1530108108,743.62,UK,UK,0,None
11:06:24,2023-06-30,2409148141,3457011332,4880.02,UK,UK,0,None
11:06:26,2023-06-30,7981781619,6761592212,13668.83,UK,UK,0,None
11:06:28,2023-06-30,8333385383,1829447454,5689.23,UK,UK,0,None
11:06:32,2023-06-30,3241216466,6582158809,38064.91,UK,UK,0,None
11:06:32,2023-06-30,7348823189,7114563632,5097.05,UK,UK,0,None
11:06:34,2023-06-30,8049290582,7851271859,6352.09,UK,UK,0,None
11:06:34,2023-06-30,2218453092,1548712412,11596.77,UK,UK,0,None
11:06:38,2023-06-30,6147939275,6755410172,10370.38,UK,UK,0,None
11:06:39,2023-06-30,6915671163,6855469046,8912.33,UK,Japan,0,None
11:06:39,2023-06-30,2362288245,5242586593,20374.21,UK,UK,0,None
11:06:41,2023-06-30,3203259124,2370736052,265.94,UK,UK,0,None
11:06:45,2023-06-30,5951601413,3282853654,5856.94,UK,UK,0,None
11:06:46,2023-06-30,5964162190,5316774430,12744.04,UK,UK,0,None
11:06:46,2023-06-30,1538302188,7681334287,1492.97,UK,UK,0,None
11:06:52,2023-06-30,6286531725,172595929,2877.08,UK,UK,0,None
11:06:53,2023-06-30,1820472928,2795527582,1192.11,UK,UK,0,None
11:06:56,2023-06-30,9436911978,1112167338,11967.49,UK,UK,0,None
11:06:59,2023-06-30,7860815926,3941723532,5950.55,UK,UK,0,None
11:07:01,2023-06-30,9361396947,2363570472,7265.05,UK,UK,0,None
11:07:06,2023-06-30,1451745312,7236620718,190.11,UK,UK,0,None
11:07:07,2023-06-30,8918567287,8194569720,6852.61,UK,UK,0,None
11:07:08,2023-06-30,4468117007,3014225948,2959.65,UK,UK,0,None
11:07:09,2023-06-30,1670820366,7180166676,444.14,UK,UK,0,None
11:07:11,2023-06-30,8779641997,6366536605,9259.75,UK,UK,0,None
11:07:11,2023-06-30,4062156850,2877447336,846.61,UK,UK,0,None
11:07:13,2023-06-30,2558651553,7667322798,11299.67,UK,UK,0,None
11:07:13,2023-06-30,3993684854,4077502311,2786.04,UK,UK,0,None
11:07:15,2023-06-30,1009483043,4295188536,7309.57,UK,UK,0,None
11:07:16,2023-06-30,6938382855,8264685844,8128.98,UK,Nigeria,0,None
11:07:17,2023-06-30,5861833454,722142237,13374.83,UK,Pakistan,0,None
11:07:20,2023-06-30,9829482797,3619160166,13025.32,UK,UK,0,None
11:07:21,2023-06-30,228966055,5990328042,7806.3,UK,UK,0,None
11:07:23,2023-06-30,6392998090,9941547254,33996.9,Austria,UK,0,None
11:07:24,2023-06-30,548214585,8184159259,11179.61,UK,UK,0,None
11:07:26,2023-06-30,5024657886,9070770692,2751.09,UK,UK,0,None
11:07:29,2023-06-30,7012186238,5132531538,3556.39,UK,UK,0,None
11:07:29,2023-06-30,6205132855,9386862506,7030.61,UK,UK,0,None
11:07:30,2023-06-30,3714408459,4714420464,8586.96,UK,UK,0,None
11:07:30,2023-06-30,3678143969,435152581,5281.9,UK,UK,0,None
11:07:32,2023-06-30,678613457,5422229309,10773.04,UK,UK,0,None
11:07:35,2023-06-30,8848416524,2045116347,296.75,UK,UK,0,None
11:07:35,2023-06-30,4917566960,6761592212,48605.28,UK,UK,0,None
11:07:35,2023-06-30,417723699,3193458522,11605.43,UK,UK,0,None
11:07:38,2023-06-30,4248881619,3475332993,9325.63,UK,UK,0,None
11:07:38,2023-06-30,3022355930,1650287647,4773.02,UK,UK,0,None
11:07:39,2023-06-30,3678143969,435152581,5263.98,UK,UK,0,None
11:07:42,2023-06-30,3197674180,4729237403,4285.29,UK,UK,0,None
11:07:42,2023-06-30,6970144725,3288872245,16785.1,UK,UK,0,None
11:07:43,2023-06-30,1913756469,9123404865,2093.99,UK,UK,0,None
11:07:43,2023-06-30,308305419,8120124160,475.27,UK,UK,0,None
11:07:43,2023-06-30,4437426246,151970486,3479.11,UK,UK,0,None
11:07:47,2023-06-30,6550400328,3329083845,10811.08,UK,UK,0,None
11:07:56,2023-06-30,8331805391,5683795248,1633.97,UK,UK,0,None
11:07:56,2023-06-30,4025037819,3282853654,16589.27,UK,UK,0,None
11:07:58,2023-06-30,5792373404,1856794837,11690.59,UK,France,0,None
11:07:59,2023-06-30,901392754,6350549143,3094.93,UK,UK,0,None
11:08:00,2023-06-30,8212960079,9087692167,1083.09,Netherlands,UK,0,None
11:08:01,2023-06-30,2285174529,3612139881,12023.58,Austria,UK,0,None
11:08:03,2023-06-30,5234066763,8176501340,3326.57,UK,UK,0,None
11:08:07,2023-06-30,5501112622,9363485907,5978.11,UK,UK,0,None
11:08:09,2023-06-30,8756434409,273859635,11090.07,UK,UK,0,None
11:08:11,2023-06-30,2320560721,7758784166,4838.23,UK,UK,0,None
11:08:13,2023-06-30,4739045623,6203714213,937.03,UK,UK,0,None
11:08:21,2023-06-30,911191572,1307412406,6766.37,UK,UK,0,None
11:08:21,2023-06-30,8274328538,7754636513,12093.61,UK,Spain,0,None
11:08:23,2023-06-30,2387921375,7511413041,10841.41,Albania,UK,0,None
11:08:27,2023-06-30,1518212907,169795909,8593.48,UK,Spain,0,None
11:08:29,2023-06-30,7281597518,4714420464,12853.57,UK,UK,0,None
11:08:32,2023-06-30,1131916256,8095289729,6430.64,UK,UK,0,None
11:08:35,2023-06-30,1363364824,3475332993,18803.99,UK,UK,0,None
11:08:35,2023-06-30,5685423755,3148620428,1911.13,UK,UK,0,None
11:08:42,2023-06-30,5888868340,1307412406,5215.19,UK,UK,0,None
11:08:42,2023-06-30,2718402017,6381545064,11390.01,UK,Morocco,0,None
11:08:45,2023-06-30,6818142069,3872827432,415.44,UK,UK,0,None
11:08:46,2023-06-30,1090413866,7595446692,245.43,UK,UK,0,None
11:08:46,2023-06-30,5793273539,9322962108,838.33,UK,UK,0,None
11:08:47,2023-06-30,5501112622,8868353492,6096.1,UK,UK,0,None
11:08:48,2023-06-30,8433206496,2940031666,1765.73,UK,UK,0,None
11:08:49,2023-06-30,9232879360,8688616641,2653.95,UK,UK,0,None
11:08:52,2023-06-30,4472002818,6458257270,5420.04,UK,UK,0,None
11:08:55,2023-06-30,6344999927,1261815001,12958.46,UK,UK,0,None
11:08:56,2023-06-30,5818896769,9083822842,411.97,UK,UK,0,None
11:09:07,2023-06-30,2730982733,2954683680,4662.66,UK,UK,0,None
11:09:09,2023-06-30,9639315014,4044517635,1343.07,UK,UK,0,None
11:09:09,2023-06-30,7135436970,7303025716,1413.48,UK,UK,0,None
11:09:11,2023-06-30,3072773949,5126332614,761.87,UK,UK,0,None
11:09:16,2023-06-30,4667373120,1023830053,2486.95,UK,UK,0,None
11:09:18,2023-06-30,4495103144,1561167611,12917.63,UK,UK,0,None
11:09:20,2023-06-30,7178787182,7033361188,1776.79,UK,UK,0,None
11:09:22,2023-06-30,4678163151,7440191355,210.11,UK,UK,0,None
11:09:24,2023-06-30,1669258530,5124936865,3539.91,UK,UK,0,None
11:09:24,2023-06-30,3742391649,5168000938,1048.06,UK,UK,0,None
11:09:29,2023-06-30,9079307827,3093680541,16039.44,UK,UK,0,None
11:09:29,2023-06-30,5148841893,8062301122,4940.92,UK,UK,0,None
11:09:30,2023-06-30,4765588788,9353020050,191.93,UK,UK,0,None
11:09:34,2023-06-30,6938382855,8580567976,5547.97,UK,UK,0,None
11:09:39,2023-06-30,2320560721,7287523124,6901.66,UK,UK,0,None
11:09:39,2023-06-30,9198529598,1307412406,8253.93,Albania,UK,0,None
11:09:41,2023-06-30,7458726947,2055377790,2094.11,UK,UK,0,None
11:09:42,2023-06-30,4088358193,9231678509,3141.46,UK,UK,0,None
11:09:42,2023-06-30,9578862007,1307412406,6526.12,Spain,UK,0,None
11:09:42,2023-06-30,8047909179,5592654599,22446.87,UK,UK,0,None
11:09:44,2023-06-30,2320560721,729165104,11824.22,UK,UK,0,None
11:09:44,2023-06-30,8435120378,6792753682,3327.33,UK,UK,0,None
11:09:45,2023-06-30,7453696966,6278959705,16089.37,UK,UK,0,None
11:09:47,2023-06-30,7744210851,2426920975,10319.79,UK,UK,0,None
11:09:50,2023-06-30,4128218629,8673635499,6415.68,UK,UK,0,None
11:09:53,2023-06-30,384286285,6524961864,14960.22,UK,UK,0,None
11:09:57,2023-06-30,2978655617,7625788967,1011.37,UK,UK,0,None
11:09:59,2023-06-30,2834045289,585309680,5119.9,UK,UK,0,None
11:10:00,2023-06-30,1815528206,8024276022,4539.83,UK,UK,0,None
11:10:01,2023-06-30,6938382855,1306618027,15305.66,UK,Albania,0,None
11:10:03,2023-06-30,2320560721,4227554467,10440.12,UK,UK,0,None
11:10:06,2023-06-30,457249526,5316774430,10719.64,UK,UK,0,None
11:10:09,2023-06-30,4399734979,7017008854,25354.07,Spain,UK,0,None
11:10:11,2023-06-30,7988993145,9575416466,160.22,UK,UK,0,None
11:10:11,2023-06-30,9251438241,518940428,5674.32,UK,Austria,0,None
11:10:12,2023-06-30,7759773329,435152581,5782.57,UK,UK,0,None
11:10:13,2023-06-30,8791925415,8306168497,1024.42,UK,Austria,0,None
11:10:14,2023-06-30,4487244825,6059876870,873.29,UK,UK,0,None
11:10:14,2023-06-30,9388029521,6111715334,1445.24,UAE,UK,0,None
11:10:16,2023-06-30,6731651597,8969742110,9065.76,UK,India,0,None
11:10:17,2023-06-30,3198423390,2337598987,10620.45,UK,UK,0,None
11:10:17,2023-06-30,8756434409,9553705302,6718.28,UK,UK,0,None
11:10:18,2023-06-30,5114330168,5426532346,1514.62,UK,UK,0,None
11:10:18,2023-06-30,6175977263,865330491,4590.18,UK,UK,0,None
11:10:19,2023-06-30,8713885383,8379849189,1662.36,UK,UK,0,None
11:10:20,2023-06-30,3992084410,1395853108,16209.92,UK,UK,0,None
11:10:20,2023-06-30,6471940461,9840066034,298.0,UK,UK,0,None
11:10:26,2023-06-30,9251438241,5443118194,9773.94,UK,UK,0,None
11:10:27,2023-06-30,2023659002,2409304361,14077.34,UK,UK,0,None
11:10:29,2023-06-30,8197941340,2345643265,206.88,UK,UK,0,None
11:10:31,2023-06-30,8299960671,4817484590,25078.97,UK,Japan,0,None
11:10:32,2023-06-30,6586730750,9955143272,16588.11,UK,UK,0,None
11:10:33,2023-06-30,1131916256,8173916318,8241.34,UK,UK,0,None
11:10:33,2023-06-30,9575701552,8194569720,6513.38,UK,UK,0,None
11:10:36,2023-06-30,3567137720,4026476344,288.28,UK,UK,0,None
11:10:37,2023-06-30,9758123201,2434746511,12679.38,UK,UK,0,None
11:10:41,2023-06-30,6852815157,3941723532,11001.99,UK,UK,0,None
11:10:41,2023-06-30,9278039525,6001545245,11285.34,UK,UK,0,None
11:10:43,2023-06-30,2520471673,1348318029,4364.11,UK,UK,0,None
11:10:44,2023-06-30,5691314632,372587689,3286.64,UK,UK,0,None
11:10:44,2023-06-30,9575701552,8194569720,6615.53,UK,UK,0,None
11:10:44,2023-06-30,2563434845,9974724988,6429.92,UK,UK,0,None
11:10:47,2023-06-30,8102603213,3208068776,135.26,UK,UK,0,None
11:10:49,2023-06-30,1973619037,7424489947,6682.24,UK,UK,0,None
11:10:50,2023-06-30,1673467085,2261373346,2535.12,UK,UK,0,None
11:10:51,2023-06-30,1367122747,3810408428,433.59,UK,UK,0,None
11:10:52,2023-06-30,2218453092,9757910691,19316.02,UK,UK,0,None
11:10:56,2023-06-30,5725828381,213510706,81.56,UK,UK,0,None
11:10:58,2023-06-30,1873676034,4958167328,6746.09,UK,UK,0,None
11:11:00,2023-06-30,1028008252,4714420464,11043.38,Turkey,UK,0,None
11:11:00,2023-06-30,6918352456,3567554813,62.53,UK,UK,0,None
11:11:01,2023-06-30,7905085108,497130002,1587.05,UK,UK,0,None
11:11:08,2023-06-30,8722582908,3475332993,7253.01,UK,UK,0,None
11:11:12,2023-06-30,7774176446,3461919639,3197.36,UK,UK,0,None
11:11:12,2023-06-30,6286200267,509116686,1288.72,UK,UK,0,None
11:11:13,2023-06-30,3198423390,988270492,7285.71,UK,Pakistan,0,None
11:11:15,2023-06-30,5978188199,3906036152,13081.96,UK,UK,0,None
11:11:18,2023-06-30,1420739753,9311068889,6377.15,UK,UK,0,None
11:11:18,2023-06-30,6392998090,1253395279,4697.42,Austria,UK,0,None
11:11:21,2023-06-30,8801272099,169795909,16473.27,UK,Spain,0,None
11:11:21,2023-06-30,1973206411,8184159259,20103.58,UK,UK,0,None
11:11:21,2023-06-30,1723994139,7833346214,4324.3,UK,UK,0,None
11:11:22,2023-06-30,9727237173,8490951199,1678.22,UK,UK,0,None
11:11:29,2023-06-30,2218453092,4467441711,8873.13,UK,UK,0,None
11:11:30,2023-06-30,5792373404,1015900443,22672.79,UK,UK,0,None
11:11:32,2023-06-30,9784272687,3133514454,111.77,UK,UK,0,None
11:11:36,2023-06-30,6938382855,8580567976,5527.1,UK,UK,0,None
11:11:38,2023-06-30,716161335,5985581873,1313.22,UK,UK,0,None
11:11:39,2023-06-30,8506678858,1104620376,637.19,UK,UK,0,None
11:11:39,2023-06-30,5167637113,8705215411,2720.99,UK,UK,0,None
11:11:40,2023-06-30,1772492948,6496628820,5330.25,UK,UK,0,None
11:11:44,2023-06-30,2926399227,6834224955,3258.38,UAE,UK,0,None
11:11:44,2023-06-30,8159675205,4935421655,8474.39,UK,UK,0,None
11:11:45,2023-06-30,3164023399,4335478502,8290.88,UK,UK,0,None
11:11:47,2023-06-30,9322859285,3864705456,178.91,UK,UK,0,None
11:11:51,2023-06-30,650723382,4794680073,5893.47,UK,UK,0,None
11:11:53,2023-06-30,3951389321,9386862506,7457.53,UK,UK,0,None
11:11:56,2023-06-30,8192956446,5012215863,11889.11,UK,UK,0,None
11:11:56,2023-06-30,7311465800,7511413041,11052.45,UK,UK,0,None
11:12:08,2023-06-30,6916211185,2637290290,1607.32,UK,UK,0,None
11:12:09,2023-06-30,3618855207,8184159259,5620.53,UK,UK,0,None
11:12:12,2023-06-30,6282299766,8408618541,1130.47,UK,UK,0,None
11:12:13,2023-06-30,5861833454,858026785,9587.64,UK,UK,0,None
11:12:13,2023-06-30,3462947234,6123762963,6203.57,UK,UK,0,None
11:12:15,2023-06-30,1317735458,8197129449,8048.68,UK,UK,0,None
11:12:17,2023-06-30,175082475,6026987864,693.92,UK,UK,0,None
11:12:17,2023-06-30,7759773329,435152581,5771.66,UK,UK,0,None
11:12:19,2023-06-30,558715045,3475332993,4766.06,UK,UK,0,None
11:12:19,2023-06-30,1009483043,5176698616,8970.89,UK,UK,0,None
11:12:20,2023-06-30,7160624271,7347470470,6737.02,UK,UK,0,None
11:12:22,2023-06-30,6410008704,4218645832,433.36,UK,UK,0,None
11:12:23,2023-06-30,6352659975,9208256886,7496.53,UK,UK,0,None
11:12:25,2023-06-30,6730092851,9375982338,7129.9,UK,Pakistan,0,None
11:12:25,2023-06-30,9595421320,4059095782,968.93,UK,UK,0,None
11:12:27,2023-06-30,2218453092,5792805461,5479.09,UK,UK,0,None
11:12:31,2023-06-30,9768621594,4768796402,18887.6,UK,UK,0,None
11:12:32,2023-06-30,3348964875,4958167328,4970.96,UK,UK,0,None
11:12:32,2023-06-30,9497428101,8062301122,4925.52,UK,UK,0,None
11:12:35,2023-06-30,9124267041,7340442636,5700.6,UK,UK,0,None
11:12:37,2023-06-30,2003270095,1112167338,37639.58,UK,UK,0,None
11:12:38,2023-06-30,9061085693,60687612,1278.87,UK,UK,0,None
11:12:39,2023-06-30,1226187681,8841522821,7237.07,UK,UK,0,None
11:12:40,2023-06-30,9351023960,5316774430,6985.83,UK,UK,0,None
11:12:41,2023-06-30,9611871713,8504175380,99.61,Italy,UK,0,None
11:12:45,2023-06-30,9027443215,1112167338,11788.52,UK,UK,0,None
11:12:47,2023-06-30,9085937756,4086696949,4367.46,UK,UK,0,None
11:12:49,2023-06-30,9674609754,5354961162,8833.68,UK,UK,0,None
11:12:51,2023-06-30,8189372992,8712760089,15719.82,UK,UK,0,None
11:12:53,2023-06-30,6208243569,2701434021,1261.61,UK,UK,0,None
11:12:57,2023-06-30,5915250430,7134696391,8370.52,UK,UK,0,None
11:13:00,2023-06-30,3467526123,5503043137,3172.67,UK,UK,0,None
11:13:03,2023-06-30,8722582908,3475332993,7261.99,UK,UK,0,None
11:13:05,2023-06-30,8165751308,5635051974,1318.13,UK,UK,0,None
11:13:06,2023-06-30,9440900883,867613560,9328.54,UK,UK,0,None
11:13:08,2023-06-30,9274927410,4115594299,32767.15,UK,UK,0,None
11:13:13,2023-06-30,3187661170,8552319512,31.44,UK,UK,0,None
11:13:19,2023-06-30,7699546867,5316774430,4421.29,UK,UK,0,None
11:13:20,2023-06-30,6116614833,8324762173,915.03,UK,UK,0,None
11:13:23,2023-06-30,3449625647,6029863846,1449.81,UK,UK,0,None
11:13:24,2023-06-30,8665243891,5124931127,1792.25,UK,UK,0,None
11:13:27,2023-06-30,1612177763,6725161262,5806.73,UK,UK,0,None
11:13:29,2023-06-30,4330022146,3542568797,1160.27,UK,UK,0,None
11:13:31,2023-06-30,8236022044,4517354474,12953.99,UK,UK,0,None
11:13:32,2023-06-30,1094258337,3276315529,2340.18,UK,UK,0,None
11:13:38,2023-06-30,711821222,2507887733,8425.79,UK,UK,0,None
11:13:45,2023-06-30,9384337004,1112167338,6396.1,UK,UK,0,None
11:13:48,2023-06-30,7899656157,3329083845,5198.92,UK,UK,0,None
11:13:53,2023-06-30,4966937734,2216420586,3933.96,UK,UK,0,None
11:13:54,2023-06-30,9302668308,6443268020,10794.52,UK,UK,0,None
11:13:54,2023-06-30,1967856328,2188058202,1977.08,UK,Albania,0,None
11:13:58,2023-06-30,1053816726,9251953336,197.46,UK,UK,0,None
11:13:58,2023-06-30,1538557233,7402222941,19414.23,UAE,UK,0,None
11:13:58,2023-06-30,7228744415,7619802100,126.23,UK,UK,0,None
11:14:02,2023-06-30,1187587321,854639683,12258.46,UK,UK,0,None
11:14:03,2023-06-30,2036708995,8914000488,677.7,UK,UK,0,None
11:14:09,2023-06-30,6938382855,1455638750,23237.68,UK,UK,0,None
11:14:12,2023-06-30,9262644287,1211249983,3324.82,UK,UK,0,None
11:14:15,2023-06-30,4547777404,1243655595,23980.53,UK,UK,0,None
11:14:15,2023-06-30,4915713921,3747015869,4325.87,UK,UK,0,None
11:14:16,2023-06-30,5342069688,2434746511,12312.26,UK,UK,0,None
11:14:21,2023-06-30,3198423390,2302564646,5580.35,UK,UK,0,None
11:14:22,2023-06-30,9251438241,5012287778,12549.91,UK,UK,0,None
11:14:23,2023-06-30,1023030681,7523088692,8854.12,Switzerland,UK,0,None
11:14:23,2023-06-30,6200832720,3548585281,5500.17,UK,UK,0,None
11:14:28,2023-06-30,6393197792,4569627416,12372.36,UK,UK,0,None
11:14:29,2023-06-30,1131916256,1836469248,7717.18,UK,UK,0,None
11:14:29,2023-06-30,8995715463,1957813340,4281.15,UK,UK,0,None
11:14:29,2023-06-30,9835228601,2694998449,783.86,UK,UK,0,None
11:14:34,2023-06-30,653627608,4092536850,564.35,UK,UK,0,None
11:14:35,2023-06-30,937934624,1754045394,3465.81,UK,UK,0,None
11:14:36,2023-06-30,5516290620,5044124507,4751.83,UK,UK,0,None
11:14:36,2023-06-30,1826597392,8646252378,15503.89,UK,UK,0,None
11:14:41,2023-06-30,8052753526,1261815001,8726.52,UK,UK,0,None
11:14:41,2023-06-30,7950665295,435152581,18332.49,UK,UK,0,None
11:14:42,2023-06-30,1540165261,6805583814,23945.5,UK,UK,0,None
11:14:42,2023-06-30,7981781619,6761592212,13610.13,UK,UK,0,None
11:14:43,2023-06-30,2749285893,1880112406,405.24,UK,UK,0,None
11:14:43,2023-06-30,6392998090,9258079517,7612.04,Austria,UK,0,None
11:14:46,2023-06-30,9754837908,7055235935,11313.12,UK,UK,0,None
11:14:46,2023-06-30,8433206496,6928842618,2323.23,UK,UK,0,None
11:14:46,2023-06-30,1500297496,3803061023,1425.35,UK,Turkey,0,None
11:14:47,2023-06-30,1869456800,4100100017,880.62,UK,UK,0,None
11:14:48,2023-06-30,8961746793,5752470666,563.1,UK,UK,0,None
11:14:50,2023-06-30,7555085130,4620162257,8629.52,UK,UK,0,None
11:14:52,2023-06-30,3306670744,5987254643,1991.01,UK,UK,0,None
11:14:53,2023-06-30,5695529310,7799511541,23441.25,UK,UK,0,None
11:14:56,2023-06-30,8299960671,4391476220,7745.07,UK,UK,0,None
11:14:57,2023-06-30,4794756514,5098818583,4943.85,UK,UK,0,None
11:15:00,2023-06-30,8038651200,7347470470,5049.51,UK,UK,0,None
11:15:00,2023-06-30,324610061,4774798314,4333.23,UK,UK,0,None
11:15:02,2023-06-30,257567369,4755204813,3942.6507202037615,UK,UK,1,Scatter-Gather
11:15:04,2023-06-30,4157434602,8209216570,384.2,UK,UK,0,None
11:15:04,2023-06-30,9713367087,2604861775,1148.26,UK,UK,0,None
11:15:05,2023-06-30,3579768314,4972358387,11960.95,UK,UK,0,None
11:15:05,2023-06-30,4517354474,5884281621,15004.34,UK,UK,0,None
11:15:05,2023-06-30,7233350606,6381545064,6819.98,UK,Morocco,0,None
11:15:06,2023-06-30,4472002818,6106149393,9756.36,UK,UK,0,None
11:15:08,2023-06-30,5295194513,3619160166,4569.02,UK,UK,0,None
11:15:10,2023-06-30,1009483043,8947434541,6754.31,UK,UK,0,None
11:15:10,2023-06-30,1646018602,6482956509,2333.58,UK,UK,0,None
11:15:16,2023-06-30,4472002818,2396976479,12487.89,UK,UK,0,None
11:15:18,2023-06-30,4450404449,8434330424,3837.76,UK,Albania,0,None
11:15:19,2023-06-30,234694022,1959793064,15311.39,UK,UK,0,None
11:15:22,2023-06-30,1540165261,1888557880,16120.96,UK,India,0,None
11:15:22,2023-06-30,8023557317,8982886711,6283.07,UK,UK,0,None
11:15:25,2023-06-30,3633597876,4006163931,4936.76,UK,UK,0,None
11:15:35,2023-06-30,1961521114,3827474729,3458.85,UK,France,0,None
11:15:38,2023-06-30,2218453092,5543308965,31993.56,UK,UK,0,None
11:15:39,2023-06-30,6040349641,2920329255,539.11,UK,UK,0,None
11:15:42,2023-06-30,76006539,6161297421,519.39,UK,UK,0,None
11:15:42,2023-06-30,6285111307,5627996879,77700.54,UK,UK,0,None
11:15:42,2023-06-30,7383742011,3941723532,7207.34,UK,UK,0,None
11:15:43,2023-06-30,8066261385,2905627765,10629.2,UK,UK,0,None
11:15:44,2023-06-30,650723382,6463323176,10674.02,UK,UK,0,None
11:15:47,2023-06-30,4636490823,6302621943,1170.02,UK,UK,0,None
11:15:49,2023-06-30,4672339168,169795909,16968.06,UK,Spain,0,None
11:15:49,2023-06-30,7739934912,9432770484,195.58,UK,UK,0,None
11:15:50,2023-06-30,892793859,7101068966,11019.33,UK,UK,0,None
11:04:31,2023-06-30,3036227372,1914556025,5000.0,UK,UK,1,Cycle
10:49:05,2023-06-30,1914556025,1131916256,5000.0,UK,UK,1,Cycle
10:43:57,2023-06-30,1131916256,9064022633,5000.0,UK,UK,1,Cycle
11:03:48,2023-06-30,9064022633,325881966,5000.0,UK,UK,1,Cycle
10:55:36,2023-06-30,325881966,3036227372,5000.0,UK,UK,1,Cycle
11:09:18,2023-06-30,3036227372,2823566566,5662.0,UK,UK,1,Smurfing
11:07:42,2023-06-30,3036227372,2822315124,4805.0,UK,UK,1,Smurfing
11:01:00,2023-06-30,3036227372,4404897324,4253.0,UK,UK,1,Smurfing
10:54:17,2023-06-30,3036227372,9480109674,4080.0,UK,UK,1,Smurfing
10:55:36,2023-06-30,3036227372,7086155331,4087.0,UK,UK,1,Smurfing
10:50:22,2023-06-30,2823566566,6197324630,4625.0,UK,UK,1,Smurfing
11:11:18,2023-06-30,2822315124,5302795541,5854.0,UK,UK,1,Smurfing
10:48:08,2023-06-30,4404897324,5569217980,5447.0,UK,UK,1,Smurfing
11:15:02,2023-06-30,9480109674,9452885588,4488.0,UK,UK,1,Smurfing
11:08:56,2023-06-30,7086155331,9070770692,5385.0,UK,UK,1,Smurfing
11:15:04,2023-06-30,3125416704,5098818583,29221.0,UK,Nigeria,1,Location_Based_Fraud
10:51:57,2023-06-30,7744210851,1134682567,20075.0,UK,Pakistan,1,Location_Based_Fraud
11:10:17,2023-06-30,6395805433,854639683,21849.0,UK,UAE,1,Location_Based_Fraud
10:50:20,2023-06-30,3977030887,8859725419,27774.0,UK,UAE,1,Location_Based_Fraud
11:06:05,2023-06-30,7709701164,1455638750,28846.0,UK,Pakistan,1,Location_Based_Fraud
